0.08,9,0,0,0,-66
0.16,9.264395,0,10,0,-68
0.24,9.163903,0,20,0,-55
0.32,8.790648,0,30,10,-64
0.4,9.360102,0,50,45,-59
0.48,8.627946,0,60,50,-63
0.56,10.307596,0,70,50,-64
0.64,8.623161,0,80,35,-64
0.72,7.599101,0,90,60,-54
0.8,10.786129,0,100,70,-59
0.88,10.786129,0,110,70,-55
0.96,9.766854,0,120,70,-52
1.04,8.403036,0,130,70,-55
1.12,8.417392,0,140,65,-72
1.2,9.929555,0,150,50,-60
1.28,9.072982,0,160,45,-54
1.36,8.886353,0,170,50,-63
1.44,10.116183,0,180,35,-60
1.52,8.666228,0,200,0,-55
1.6,8.738009,0,210,0,-75
1.68,9.001202,0,220,20,-62
1.76,8.54181,0,230,50,-61
1.84,9.345745,0,240,50,-58
1.92,8.8385,0,250,15,-55
2,8.919851,0,,,
2.08,8.991631,0,,,
2.16,8.675799,0,,,
2.24,8.986846,0,,,
2.32,8.656658,0,,,
2.4,9.541944,0,,,
2.48,9.135191,0,,,
2.56,9.374457,0,,,
2.64,9.029914,0,,,
2.72,8.924637,0,,,
2.8,9.168689,0,,,
2.88,9.168689,0,,,
2.96,8.565737,0,,,
3.04,9.345745,0,,,
3.12,8.876783,0,,,
3.2,9.283536,0,,,
3.28,8.929422,0,,,
3.36,9.364886,0,,,
3.44,9.331389,0,,,
3.52,8.90071,0,,,
3.6,9.049055,0,,,
3.68,8.575308,0,,,
3.76,9.293107,0,,,
3.84,8.886353,0,,,
3.92,9.302677,0,,,
4,9.072982,0,,,
4.08,9.336175,0,,,
4.16,9.130405,0,,,
4.24,8.876783,0,,,
4.32,9.178259,0,,,
4.4,8.589664,0,,,
4.48,9.206971,0,,,
4.56,8.632731,0,,,
4.64,9.369672,0,,,
4.72,9.130405,0,,,
4.8,9.159118,0,,,
4.88,9.159118,0,,,
4.96,9.058625,0,,,
5.04,9.053841,0,,,
5.12,9.130405,0,,,
5.2,8.733223,0,,,
5.28,9.149548,0,,,
5.36,8.742794,0,,,
5.44,9.11605,0,,,
5.52,8.824145,0,,,
5.6,9.250039,0,,,
5.68,8.915066,0,,,
5.76,9.1974,0,,,
5.84,9.082553,0,,,
5.92,9.264395,0,,,
6,9.240468,0,,,
6.08,8.991631,0,,,
6.16,9.12562,0,,,
6.24,8.953348,0,,,
6.32,9.183044,0,,,
6.4,8.675799,0,,,
6.48,9.369672,0,,,
6.56,8.8385,0,,,
6.64,9.398384,0,,,
6.72,9.221327,0,,,
6.8,9.293107,0,,,
6.88,9.293107,0,,,
6.96,9.226112,0,,,
7.04,9.096909,0,,,
7.12,9.422311,0,,,
7.2,9.130405,0,,,
7.28,9.206971,0,,,
7.36,9.144761,0,,,
7.44,9.250039,0,,,
7.52,9.398384,0,,,
7.6,9.221327,0,,,
7.68,9.297892,0,,,
7.76,9.40317,0,,,
7.84,9.106479,0,,,
7.92,9.120835,0,,,
8,9.183044,0,,,
8.08,9.345745,0,,,
8.16,9.293107,0,,,
8.24,9.230898,0,,,
8.32,9.178259,0,,,
8.4,9.259609,0,,,
8.48,9.135191,0,,,
8.56,9.216541,0,,,
8.64,9.159118,0,,,
8.72,9.183044,0,,,
8.8,9.039484,0,,,
8.88,9.039484,0,,,
8.96,9.355316,0,,,
9.04,9.221327,0,,,
9.12,9.240468,0,,,
9.2,9.135191,0,,,
9.28,9.250039,0,,,
9.36,9.178259,0,,,
9.44,9.144761,0,,,
9.52,9.226112,0,,,
9.6,9.12562,0,,,
9.68,9.321819,0,,,
9.76,9.025128,0,,,
9.84,9.264395,0,,,
9.92,9.049055,0,,,
10,9.053841,0,,,
10.08,9.326604,0,,,
10.16,9.092123,0,,,
10.24,9.379243,0,,,
10.32,9.216541,0,,,
10.4,9.139977,0,,,
10.48,9.235683,0,,,
10.56,9.178259,0,,,
10.64,9.312248,0,,,
10.72,9.068196,0,,,
10.8,9.240468,0,,,
10.88,9.240468,0,,,
10.96,9.163903,0,,,
11.04,9.250039,0,,,
11.12,9.183044,0,,,
11.2,9.355316,0,,,
11.28,9.173473,0,,,
11.36,9.18783,0,,,
11.44,9.245254,0,,,
11.52,9.27875,0,,,
11.6,9.350531,0,,,
11.68,9.154332,0,,,
11.76,9.283536,0,,,
11.84,9.068196,0,,,
11.92,9.245254,0,,,
12,9.120835,0,,,
12.08,9.302677,0,,,
12.16,9.163903,0,,,
12.24,9.163903,0,,,
12.32,9.183044,0,,,
12.4,9.250039,0,,,
12.48,9.135191,0,,,
12.56,9.159118,0,,,
12.64,9.250039,0,,,
12.72,9.106479,0,,,
12.8,9.230898,0,,,
12.88,9.230898,0,,,
12.96,9.053841,0,,,
13.04,9.331389,0,,,
13.12,9.101694,0,,,
13.2,9.020343,0,,,
13.28,9.331389,0,,,
13.36,9.11605,0,,,
13.44,9.259609,0,,,
13.52,9.26918,0,,,
13.6,9.139977,0,,,
13.68,9.264395,0,,,
13.76,9.173473,0,,,
13.84,9.230898,0,,,
13.92,9.18783,0,,,
14,9.12562,0,,,
14.08,9.154332,0,,,
14.16,9.206971,0,,,
14.24,9.192615,0,,,
14.32,9.288321,0,,,
14.4,9.159118,0,,,
14.48,9.254825,0,,,
14.56,9.192615,0,,,
14.64,9.087337,0,,,
14.72,9.293107,0,,,
14.8,9.068196,0,,,
14.88,9.068196,0,,,
14.96,9.264395,0,,,
15.04,9.154332,0,,,
15.12,9.106479,0,,,
15.2,9.293107,0,,,
15.28,9.11605,0,,,
15.36,9.18783,0,,,
15.44,9.240468,0,,,
15.52,9.183044,0,,,
15.6,9.135191,0,,,
15.68,9.259609,0,,,
15.76,9.12562,0,,,
15.84,9.317034,0,,,
15.92,9.192615,0,,,
16,9.092123,0,,,
16.08,9.288321,0,,,
16.16,9.173473,0,,,
16.24,9.053841,0,,,
16.32,9.183044,0,,,
16.4,9.173473,0,,,
16.48,9.049055,0,,,
16.56,9.211756,0,,,
16.64,9.149548,0,,,
16.72,9.173473,0,,,
16.8,9.178259,0,,,
16.88,9.178259,0,,,
16.96,9.235683,0,,,
17.04,9.082553,0,,,
17.12,9.240468,0,,,
17.2,9.18783,0,,,
17.28,9.216541,0,,,
17.36,9.216541,0,,,
17.44,9.250039,0,,,
17.52,9.18783,0,,,
17.6,9.221327,0,,,
17.68,9.226112,0,,,
17.76,9.1974,0,,,
17.84,9.250039,0,,,
17.92,9.163903,0,,,
18,9.149548,0,,,
18.08,9.135191,0,,,
18.16,9.317034,0,,,
18.24,9.063412,0,,,
18.32,9.254825,0,,,
18.4,9.183044,0,,,
18.48,9.178259,0,,,
18.56,9.245254,0,,,
18.64,9.149548,0,,,
18.72,9.192615,0,,,
18.8,9.130405,0,,,
18.88,9.130405,0,,,
18.96,9.178259,0,,,
19.04,9.139977,0,,,
19.12,9.178259,0,,,
19.2,9.163903,0,,,
19.28,9.273966,0,,,
19.36,9.139977,0,,,
19.44,9.235683,0,,,
19.52,9.226112,0,,,
19.6,9.211756,0,,,
19.68,9.192615,0,,,
19.76,9.250039,0,,,
19.84,9.235683,0,,,
19.92,9.173473,0,,,
20,9.283536,0,,,
20.08,9.139977,0,,,
20.16,9.245254,0,,,
20.24,9.1974,0,,,
20.32,9.202186,0,,,
20.4,9.273966,0,,,
20.48,9.144761,0,,,
20.56,9.18783,0,,,
20.64,9.226112,0,,,
20.72,9.082553,0,,,
20.8,9.321819,0,,,
20.88,9.321819,0,,,
20.96,9.178259,0,,,
21.04,9.106479,0,,,
21.12,9.273966,0,,,
21.2,9.163903,0,,,
21.28,9.206971,0,,,
21.36,9.144761,0,,,
21.44,9.235683,0,,,
21.52,9.178259,0,,,
21.6,9.063412,0,,,
21.68,9.202186,0,,,
21.76,9.192615,0,,,
21.84,9.082553,0,,,
21.92,9.254825,0,,,
22,9.192615,0,,,
22.08,9.106479,0,,,
22.16,9.326604,0,,,
22.24,9.173473,0,,,
22.32,9.058625,0,,,
22.4,9.183044,0,,,
22.48,9.173473,0,,,
22.56,9.135191,0,,,
22.64,9.26918,0,,,
22.72,9.192615,0,,,
22.8,9.149548,0,,,
22.88,9.149548,0,,,
22.96,9.312248,0,,,
23.04,9.111264,0,,,
23.12,9.130405,0,,,
23.2,9.245254,0,,,
23.28,9.092123,0,,,
23.36,9.283536,0,,,
23.44,9.183044,0,,,
23.52,9.063412,0,,,
23.6,9.302677,0,,,
23.68,9.235683,0,,,
23.76,9.11605,0,,,
23.84,9.240468,0,,,
23.92,9.159118,0,,,
24,9.111264,0,,,
24.08,9.273966,0,,,
24.16,9.087337,0,,,
24.24,9.154332,0,,,
24.32,9.240468,0,,,
24.4,9.096909,0,,,
24.48,9.202186,0,,,
24.56,9.1974,0,,,
24.64,9.221327,0,,,
24.72,9.18783,0,,,
24.8,9.154332,0,,,
24.88,9.154332,0,,,
24.96,9.240468,0,,,
25.04,9.216541,0,,,
25.12,9.144761,0,,,
25.2,9.259609,0,,,
25.28,9.18783,0,,,
25.36,9.063412,0,,,
25.44,9.273966,0,,,
25.52,9.1974,0,,,
25.6,9.096909,0,,,
25.68,9.259609,0,,,
25.76,9.130405,0,,,
25.84,9.211756,0,,,
25.92,9.27875,0,,,
26,9.096909,0,,,
26.08,9.216541,0,,,
26.16,9.154332,0,,,
26.24,9.18783,0,,,
26.32,9.178259,0,,,
26.4,9.159118,0,,,
26.48,9.163903,0,,,
26.56,9.087337,0,,,
26.64,9.149548,0,,,
26.72,9.192615,0,,,
26.8,9.130405,0,,,
26.88,9.130405,0,,,
26.96,8.967705,0,,,
27.04,8.862428,0,,,
27.12,8.675799,0,,,
27.2,9.63765,0,,,
27.28,10.441586,0,,,
27.36,9.800351,0,,,
27.44,9.139977,0,,,
27.52,8.517884,0,,,
27.6,8.484386,0,,,
27.68,8.513098,0,,,
27.76,8.096775,0,,,
27.84,7.967571,0,,,
27.92,7.37419,0,,,
28,6.211356,0,,,
28.08,5.795033,0,,,
28.16,5.235149,0,,,
28.24,4.464711,0,,,
28.32,4.589129,0,,,
28.4,5.144228,0,,,
28.48,6.536758,0,,,
28.56,6.216141,0,,,
28.64,2.962118,0,,,
28.72,2.411805,0,,,
28.8,4.579559,0,,,
28.88,4.579559,0,,,
28.96,5.608405,0,,,
29.04,5.905095,0,,,
29.12,5.967304,0,,,
29.2,5.594049,0,,,
29.28,5.321285,0,,,
29.36,5.316499,0,,,
29.44,4.450355,0,,,
29.52,4.507779,0,,,
29.6,4.828396,0,,,
29.68,4.124953,0,,,
29.76,4.402502,0,,,
29.84,4.952814,0,,,
29.92,7.101427,0,,,
30,8.843287,0,,,
30.08,7.670881,0,,,
30.16,5.55098,0,,,
30.24,4.37379,0,,,
30.32,5.455274,0,,,
30.4,6.464978,0,,,
30.48,5.943377,0,,,
30.56,4.325936,0,,,
30.64,3.172673,0,,,
30.72,4.426428,0,,,
30.8,5.015024,0,,,
30.88,5.015024,0,,,
30.96,3.947896,10,,,
31.04,4.30201,10,,,
31.12,5.412206,10,,,
31.2,6.627679,10,,,
31.28,8.048922,10,,,
31.36,7.57996,10,,,
31.44,5.39785,10,,,
31.52,4.613056,10,,,
31.6,6.388412,10,,,
31.68,6.249638,10,,,
31.76,4.574774,10,,,
31.84,4.081885,10,,,
31.92,3.569855,10,,,
32,3.699059,10,,,
32.08,3.732556,10,,,
32.16,4.110597,10,,,
32.24,4.010105,10,,,
32.32,4.948029,10,,,
32.4,8.627946,10,,,
32.48,8.924637,10,,,
32.56,6.402769,10,,,
32.64,3.876116,10,,,
32.72,3.617708,10,,,
32.8,5.493556,10,,,
32.88,5.493556,10,,,
32.96,6.000802,10,,,
33.04,5.756749,10,,,
33.12,4.464711,10,,,
33.2,3.87133,10,,,
33.28,5.082018,10,,,
33.36,4.82361,10,,,
33.44,4.029246,10,,,
33.52,4.66091,10,,,
33.6,5.163369,10,,,
33.68,5.527054,10,,,
33.76,7.412473,10,,,
33.84,9.053841,10,,,
33.92,7.235415,10,,,
34,4.914532,10,,,
34.08,5.172939,10,,,
34.16,5.799818,10,,,
34.24,5.292572,10,,,
34.32,4.804469,10,,,
34.4,4.220659,10,,,
34.48,3.703844,10,,,
34.56,4.029246,10,,,
34.64,4.550847,10,,,
34.72,4.608271,10,,,
34.8,4.81404,10,,,
34.88,4.81404,10,,,
34.96,5.4792,10,,,
35.04,7.503394,10,,,
35.12,8.383895,10,,,
35.2,6.230497,10,,,
35.28,4.249372,10,,,
35.36,4.962385,10,,,
35.44,6.302277,10,,,
35.52,6.058225,10,,,
35.6,5.230363,10,,,
35.68,3.967037,10,,,
35.76,3.373656,10,,,
35.84,4.531706,10,,,
35.92,4.541276,10,,,
36,3.94311,10,,,
36.08,4.971956,10,,,
36.16,6.06301,10,,,
36.24,7.130138,10,,,
36.32,7.460326,10,,,
36.4,7.283269,10,,,
36.48,6.321418,10,,,
36.56,5.010238,10,,,
36.64,5.55098,10,,,
36.72,5.90031,10,,,
36.8,5.498342,10,,,
36.88,5.498342,10,,,
36.96,4.818825,10,,,
37.04,4.220659,10,,,
37.12,4.14888,10,,,
37.2,4.67048,10,,,
37.28,4.88582,10,,,
37.36,4.254157,10,,,
37.44,4.837966,10,,,
37.52,6.49369,10,,,
37.6,8.048922,10,,,
37.68,7.87665,10,,,
37.76,5.498342,10,,,
37.84,4.043602,10,,,
37.92,4.775757,10,,,
38,5.641902,10,,,
38.08,5.780676,10,,,
38.16,5.694541,10,,,
38.24,4.861893,10,,,
38.32,3.885686,10,,,
38.4,4.536491,10,,,
38.48,4.412073,10,,,
38.56,3.87133,10,,,
38.64,4.536491,10,,,
38.72,5.273431,10,,,
38.8,7.130138,10,,,
38.88,7.130138,10,,,
38.96,8.149413,10,,,
39.04,7.063144,10,,,
39.12,5.680184,10,,,
39.2,4.986311,10,,,
39.28,5.144228,10,,,
39.36,5.555766,10,,,
39.44,5.718467,10,,,
39.52,4.82361,10,,,
39.6,3.995749,10,,,
39.68,4.268513,10,,,
39.76,4.641768,10,,,
39.84,4.421643,10,,,
39.92,4.407287,10,,,
40,5.62276,10,,,
40.08,7.211489,10,,,
40.16,7.80487,10,,,
40.24,7.288054,10,,,
40.32,6.335774,10,,,
40.4,5.273431,10,,,
40.48,5.62276,10,,,
40.56,5.890738,10,,,
40.64,5.058092,10,,,
40.72,4.412073,10,,,
40.8,3.94311,10,,,
40.88,3.94311,10,,,
40.96,3.86176,10,,,
41.04,4.325936,10,,,
41.12,4.459926,10,,,
41.2,4.15845,10,,,
41.28,4.675265,10,,,
41.36,6.488904,10,,,
41.44,8.455674,10,,,
41.52,8.498743,10,,,
41.6,6.57504,10,,,
41.68,4.531706,10,,,
41.76,5.072447,10,,,
41.84,5.986445,10,,,
41.92,5.823744,10,,,
42,5.283002,10,,,
42.08,3.751697,10,,,
42.16,3.464577,10,,,
42.24,4.732689,10,,,
42.32,4.665695,10,,,
42.4,4.096241,10,,,
42.48,4.081885,10,,,
42.56,5.39785,10,,,
42.64,8.871998,10,,,
42.72,9.613724,10,,,
42.8,6.699459,10,,,
42.88,6.699459,10,,,
42.96,4.412073,35,,,
43.04,4.459926,35,,,
43.12,5.512698,35,,,
43.2,5.866812,35,,,
43.28,5.235149,35,,,
43.36,3.962252,35,,,
43.44,3.569855,35,,,
43.52,4.306795,35,,,
43.6,4.431214,35,,,
43.68,3.928754,35,,,
43.76,4.129738,35,,,
43.84,5.345211,35,,,
43.92,7.642169,35,,,
44,9.431881,35,,,
44.08,7.824011,35,,,
44.16,4.474282,35,,,
44.24,4.995883,35,,,
44.32,7.211489,35,,,
44.4,6.393198,35,,,
44.48,4.493423,35,,,
44.56,3.191814,35,,,
44.64,3.885686,35,,,
44.72,4.74226,35,,,
44.8,4.129738,35,,,
44.88,4.129738,35,,,
44.96,4.263727,35,,,
45.04,4.981526,35,,,
45.12,5.503127,35,,,
45.2,7.833581,35,,,
45.28,9.766854,35,,,
45.36,7.029646,35,,,
45.44,4.541276,35,,,
45.52,5.39785,35,,,
45.6,6.197,35,,,
45.68,5.795033,35,,,
45.76,4.81404,35,,,
45.84,3.57464,35,,,
45.92,3.957466,35,,,
46,4.407287,35,,,
46.08,3.689488,35,,,
46.16,3.804336,35,,,
46.24,4.914532,35,,,
46.32,6.972223,35,,,
46.4,8.436533,35,,,
46.48,9.173473,35,,,
46.56,6.206571,35,,,
46.64,3.392797,35,,,
46.72,5.273431,35,,,
46.8,6.464978,35,,,
46.88,6.464978,35,,,
46.96,5.689754,35,,,
47.04,4.191947,35,,,
47.12,3.048254,35,,,
47.2,3.593781,35,,,
47.28,4.617842,35,,,
47.36,4.105812,35,,,
47.44,3.928754,35,,,
47.52,5.340426,35,,,
47.6,7.919717,35,,,
47.68,9.41274,35,,,
47.76,7.512965,35,,,
47.84,4.469496,35,,,
47.92,4.718333,35,,,
48,5.914666,35,,,
48.08,5.278216,35,,,
48.16,4.364219,35,,,
48.24,3.512431,35,,,
48.32,3.684702,35,,,
48.4,3.837833,35,,,
48.48,3.919184,35,,,
48.56,4.268513,35,,,
48.64,4.689621,35,,,
48.72,6.067796,35,,,
48.8,8.16377,35,,,
48.88,8.16377,35,,,
48.96,8.637517,35,,,
49.04,6.723386,35,,,
49.12,4.751831,35,,,
49.2,4.560418,35,,,
49.28,5.579692,35,,,
49.36,6.029513,35,,,
49.44,4.981526,35,,,
49.52,3.378442,35,,,
49.6,3.660776,35,,,
49.68,4.914532,35,,,
49.76,4.560418,35,,,
49.84,4.201518,35,,,
49.92,4.593915,35,,,
50,4.904961,35,,,
50.08,7.981927,35,,,
50.16,9.752499,35,,,
50.24,7.163636,35,,,
50.32,4.703978,35,,,
50.4,5.340426,35,,,
50.48,6.096508,35,,,
50.56,4.924102,35,,,
50.64,4.287654,35,,,
50.72,3.694273,35,,,
50.8,3.498075,35,,,
50.88,3.498075,35,,,
50.96,4.172806,35,,,
51.04,4.172806,35,,,
51.12,4.168021,35,,,
51.2,5.244719,35,,,
51.28,6.63725,35,,,
51.36,8.249906,35,,,
51.44,8.876783,35,,,
51.52,7.216274,35,,,
51.6,5.015024,35,,,
51.68,4.933673,35,,,
51.76,6.091722,35,,,
51.84,5.795033,35,,,
51.92,4.206303,35,,,
52,3.182243,35,,,
52.08,4.024461,35,,,
52.16,4.962385,35,,,
52.24,4.412073,35,,,
52.32,4.340292,35,,,
52.4,5.163369,35,,,
52.48,7.0775,35,,,
52.56,7.857509,35,,,
52.64,7.809655,35,,,
52.72,6.833448,35,,,
52.8,5.134657,35,,,
52.88,5.134657,35,,,
52.96,5.527054,35,,,
53.04,5.62276,35,,,
53.12,5.421777,35,,,
53.2,4.574774,35,,,
53.28,3.392797,35,,,
53.36,3.919184,35,,,
53.44,4.110597,35,,,
53.52,3.86176,35,,,
53.6,4.024461,35,,,
53.68,4.928888,35,,,
53.76,7.326337,35,,,
53.84,8.60402,35,,,
53.92,7.020076,35,,,
54,5.39785,35,,,
54.08,5.560551,35,,,
54.16,5.852456,35,,,
54.24,5.866812,35,,,
54.32,5.321285,35,,,
54.4,3.86176,35,,,
54.48,3.923969,35,,,
54.56,4.622627,35,,,
54.64,4.067529,35,,,
54.72,4.206303,35,,,
54.8,4.536491,35,,,
54.88,4.536491,35,,,
54.96,5.03895,45,,,
55.04,7.809655,45,,,
55.12,10.006122,45,,,
55.2,7.685237,45,,,
55.28,3.986178,45,,,
55.36,4.115382,45,,,
55.44,6.531973,45,,,
55.52,5.914666,45,,,
55.6,4.172806,45,,,
55.68,3.42151,45,,,
55.76,3.354515,45,,,
55.84,4.168021,45,,,
55.92,4.00532,45,,,
56,4.081885,45,,,
56.08,5.172939,45,,,
56.16,7.244987,45,,,
56.24,9.029914,45,,,
56.32,8.345612,45,,,
56.4,6.484119,45,,,
56.48,5.641902,45,,,
56.56,5.349997,45,,,
56.64,5.684969,45,,,
56.72,5.02938,45,,,
56.8,3.512431,45,,,
56.88,3.512431,45,,,
56.96,3.483719,45,,,
57.04,4.072314,45,,,
57.12,4.225445,45,,,
57.2,4.354649,45,,,
57.28,4.881034,45,,,
57.36,5.675399,45,,,
57.44,7.857509,45,,,
57.52,9.087337,45,,,
57.6,7.479468,45,,,
57.68,5.565336,45,,,
57.76,5.809388,45,,,
57.84,6.010372,45,,,
57.92,5.359567,45,,,
58,4.316366,45,,,
58.08,3.938325,45,,,
58.16,4.15845,45,,,
58.24,3.837833,45,,,
58.32,4.14888,45,,,
58.4,4.043602,45,,,
58.48,4.52692,45,,,
58.56,5.866812,45,,,
58.64,8.345612,45,,,
58.72,9.594583,45,,,
58.8,6.895658,45,,,
58.88,6.895658,45,,,
58.96,4.23023,45,,,
59.04,5.034165,45,,,
59.12,6.847804,45,,,
59.2,6.067796,45,,,
59.28,3.809121,45,,,
59.36,2.966903,45,,,
59.44,3.86176,45,,,
59.52,4.421643,45,,,
59.6,3.72777,45,,,
59.68,4.08667,45,,,
59.76,5.4792,45,,,
59.84,7.484253,45,,,
59.92,9.159118,45,,,
60,7.551248,45,,,
60.08,4.349863,45,,,
60.16,4.201518,45,,,
60.24,6.019943,45,,,
60.32,6.49369,45,,,
60.4,5.311714,45,,,
60.48,3.560284,45,,,
60.56,3.225311,45,,,
60.64,4.029246,45,,,
60.72,4.201518,45,,,
60.8,4.2398,45,,,
60.88,4.2398,45,,,
60.96,4.857108,45,,,
61.04,5.249505,45,,,
61.12,7.761802,45,,,
61.2,9.829063,45,,,
61.28,7.0775,45,,,
61.36,4.000534,45,,,
61.44,5.225578,45,,,
61.52,6.776024,45,,,
61.6,5.98166,45,,,
61.68,4.713548,45,,,
61.76,3.627278,45,,,
61.84,3.483719,45,,,
61.92,4.134523,45,,,
62,4.723119,45,,,
62.08,4.431214,45,,,
62.16,4.799684,45,,,
62.24,6.589396,45,,,
62.32,8.359967,45,,,
62.4,8.915066,45,,,
62.48,6.795166,45,,,
62.56,4.565203,45,,,
62.64,5.565336,45,,,
62.72,6.173073,45,,,
62.8,5.216008,45,,,
62.88,5.216008,45,,,
62.96,3.947896,45,,,
63.04,3.684702,45,,,
63.12,4.498209,45,,,
63.2,3.828262,45,,,
63.28,3.531572,45,,,
63.36,4.450355,45,,,
63.44,5.555766,45,,,
63.52,7.81444,45,,,
63.6,9.226112,45,,,
63.68,7.264128,45,,,
63.76,4.641768,45,,,
63.84,5.512698,45,,,
63.92,6.287921,45,,,
64,5.680184,45,,,
64.08,5.54141,45,,,
64.16,3.866545,45,,,
64.24,3.139175,45,,,
64.32,3.952681,45,,,
64.4,4.498209,45,,,
64.48,4.412073,45,,,
64.56,4.536491,45,,,
64.64,5.412206,45,,,
64.72,8.044136,45,,,
64.8,9.647221,45,,,
64.88,9.647221,45,,,
64.96,7.158851,45,,,
65.04,4.651339,45,,,
65.12,6.005587,45,,,
65.2,6.665962,45,,,
65.28,5.02938,45,,,
65.36,3.579425,45,,,
65.44,3.043469,45,,,
65.52,4.101026,45,,,
65.6,4.201518,45,,,
65.68,3.928754,45,,,
65.76,5.10116,45,,,
65.84,5.90988,45,,,
65.92,7.163636,45,,,
66,8.972489,45,,,
66.08,6.838233,45,,,
66.16,4.321151,45,,,
66.24,6.311848,45,,,
66.32,7.087071,45,,,
66.4,5.795033,45,,,
66.48,4.756616,45,,,
66.56,3.129605,45,,,
66.64,3.842618,45,,,
66.72,4.684836,45,,,
66.8,3.775624,45,,,
66.88,3.775624,45,,,
66.96,3.665561,50,,,
67.04,4.713548,50,,,
67.12,6.244853,50,,,
67.2,8.527454,50,,,
67.28,9.111264,50,,,
67.36,6.670747,50,,,
67.44,4.852323,50,,,
67.52,5.469629,50,,,
67.6,6.78081,50,,,
67.68,5.938592,50,,,
67.76,3.517216,50,,,
67.84,2.780276,50,,,
67.92,3.78998,50,,,
68,4.555632,50,,,
68.08,4.416858,50,,,
68.16,4.215874,50,,,
68.24,5.139442,50,,,
68.32,7.345479,50,,,
68.4,9.072982,50,,,
68.48,7.536891,50,,,
68.56,4.072314,50,,,
68.64,4.182377,50,,,
68.72,6.560685,50,,,
68.8,6.06301,50,,,
68.88,6.06301,50,,,
68.96,4.708763,50,,,
69.04,3.981393,50,,,
69.12,3.775624,50,,,
69.2,4.105812,50,,,
69.28,3.722985,50,,,
69.36,3.670346,50,,,
69.44,5.091589,50,,,
69.52,6.579826,50,,,
69.6,7.565604,50,,,
69.68,8.560951,50,,,
69.76,7.484253,50,,,
69.84,4.74226,50,,,
69.92,5.335641,50,,,
70,6.732956,50,,,
70.08,5.718467,50,,,
70.16,4.412073,50,,,
70.24,3.732556,50,,,
70.32,4.029246,50,,,
70.4,4.14888,50,,,
70.48,3.823477,50,,,
70.56,4.440784,50,,,
70.64,5.440918,50,,,
70.72,7.144495,50,,,
70.8,8.666228,50,,,
70.88,8.666228,50,,,
70.96,8.149413,50,,,
71.04,5.053306,50,,,
71.12,4.182377,50,,,
71.2,6.244853,50,,,
71.28,5.90988,50,,,
71.36,4.794899,50,,,
71.44,3.914398,50,,,
71.52,3.507645,50,,,
71.6,4.23023,50,,,
71.68,4.488638,50,,,
71.76,4.258942,50,,,
71.84,4.976741,50,,,
71.92,5.852456,50,,,
72,8.10156,50,,,
72.08,9.374457,50,,,
72.16,7.680451,50,,,
72.24,5.670613,50,,,
72.32,5.005453,50,,,
72.4,6.273565,50,,,
72.48,5.656257,50,,,
72.56,3.344944,50,,,
72.64,3.014756,50,,,
72.72,4.034031,50,,,
72.8,3.976607,50,,,
72.88,3.976607,50,,,
72.96,3.72777,50,,,
73.04,3.364085,50,,,
73.12,5.158583,50,,,
73.2,9.575441,50,,,
73.28,9.264395,50,,,
73.36,6.85259,50,,,
73.44,5.144228,50,,,
73.52,4.345078,50,,,
73.6,5.751964,50,,,
73.68,5.90031,50,,,
73.76,4.244586,50,,,
73.84,2.459659,50,,,
73.92,3.191814,50,,,
74,4.330722,50,,,
74.08,3.50286,50,,,
74.16,3.58421,50,,,
74.24,5.201652,50,,,
74.32,8.216408,50,,,
74.4,9.364886,50,,,
74.48,7.417258,50,,,
74.56,4.703978,50,,,
74.64,4.680051,50,,,
74.72,6.326204,50,,,
74.8,5.507913,50,,,
74.88,5.507913,50,,,
74.96,4.019675,50,,,
75.04,3.64642,50,,,
75.12,3.947896,50,,,
75.2,3.880901,50,,,
75.28,3.746912,50,,,
75.36,3.837833,50,,,
75.44,5.244719,50,,,
75.52,7.996283,50,,,
75.6,9.11605,50,,,
75.68,7.560818,50,,,
75.76,4.431214,50,,,
75.84,4.52692,50,,,
75.92,6.015157,50,,,
76,5.412206,50,,,
76.08,4.909747,50,,,
76.16,3.818692,50,,,
76.24,2.885553,50,,,
76.32,3.14396,50,,,
76.4,3.43108,50,,,
76.48,4.067529,50,,,
76.56,5.713682,50,,,
76.64,7.00572,50,,,
76.72,8.048922,50,,,
76.8,8.82893,50,,,
76.88,8.82893,50,,,
76.96,7.29284,50,,,
77.04,4.416858,50,,,
77.12,4.421643,50,,,
77.2,6.474549,50,,,
77.28,6.297492,50,,,
77.36,4.359434,50,,,
77.44,3.737341,50,,,
77.52,4.335507,50,,,
77.6,4.483852,50,,,
77.68,4.220659,50,,,
77.76,4.474282,50,,,
77.84,4.904961,50,,,
77.92,6.914799,50,,,
78,8.938993,50,,,
78.08,8.292973,50,,,
78.16,5.62276,50,,,
78.24,4.962385,50,,,
78.32,6.340559,50,,,
78.4,5.852456,50,,,
78.48,4.727904,50,,,
78.56,3.627278,50,,,
78.64,3.550713,50,,,
78.72,4.048388,50,,,
78.8,3.86176,50,,,
78.88,3.86176,50,,,
78.96,4.120167,50,,,
79.04,5.201652,50,,,
79.12,6.436266,50,,,
79.2,8.24512,50,,,
79.28,8.929422,50,,,
79.36,6.929155,50,,,
79.44,5.105945,50,,,
79.52,5.158583,50,,,
79.6,6.110864,50,,,
79.68,5.723252,50,,,
79.76,3.919184,50,,,
79.84,3.660776,50,,,
79.92,4.74226,50,,,
80,4.057958,50,,,
80.08,3.014756,50,,,
80.16,4.00532,50,,,
80.24,5.512698,50,,,
80.32,7.857509,50,,,
80.4,9.025128,50,,,
80.48,8.580092,50,,,
80.56,6.019943,50,,,
80.64,3.804336,50,,,
80.72,5.82853,50,,,
80.8,6.187429,50,,,
80.88,6.187429,50,,,
80.96,4.756616,50,,,
81.04,3.297091,50,,,
81.12,3.148746,50,,,
81.2,4.818825,50,,,
81.28,4.469496,50,,,
81.36,4.019675,50,,,
81.44,5.163369,50,,,
81.52,5.919451,50,,,
81.6,7.833581,50,,,
81.68,8.986846,50,,,
81.76,6.594182,50,,,
81.84,4.593915,50,,,
81.92,5.388279,50,,,
82,6.680318,50,,,
82.08,5.924236,50,,,
82.16,4.297225,50,,,
82.24,3.890471,50,,,
82.32,4.043602,50,,,
82.4,4.15845,50,,,
82.48,4.335507,50,,,
82.56,4.431214,50,,,
82.64,4.608271,50,,,
82.72,6.019943,50,,,
82.8,8.288188,50,,,
82.88,8.288188,50,,,
82.96,9.015558,50,,,
83.04,6.57504,50,,,
83.12,4.818825,50,,,
83.2,6.618109,50,,,
83.28,6.42191,50,,,
83.36,4.349863,50,,,
83.44,4.273298,50,,,
83.52,5.019809,50,,,
83.6,4.459926,50,,,
83.68,3.588996,50,,,
83.76,3.64642,50,,,
83.84,3.990963,50,,,
83.92,4.833181,50,,,
84,6.393198,50,,,
84.08,8.532239,50,,,
84.16,8.848071,50,,,
84.24,5.498342,50,,,
84.32,4.311581,50,,,
84.4,5.967304,50,,,
84.48,6.13479,50,,,
84.56,5.177725,50,,,
84.64,4.01489,50,,,
84.72,3.885686,50,,,
84.8,4.431214,50,,,
84.88,4.431214,50,,,
84.96,4.306795,50,,,
85.04,4.287654,50,,,
85.12,4.737474,50,,,
85.2,5.129872,50,,,
85.28,7.867079,50,,,
85.36,9.489305,50,,,
85.44,7.326337,50,,,
85.52,4.866678,50,,,
85.6,4.349863,50,,,
85.68,5.263861,50,,,
85.76,6.005587,50,,,
85.84,5.536624,50,,,
85.92,4.110597,50,,,
86,3.837833,50,,,
86.08,4.608271,50,,,
86.16,5.149013,50,,,
86.24,10.451156,50,,,
86.32,11.719268,50,,,
86.4,6.130005,50,,,
86.48,5.172939,50,,,
86.56,5.661043,50,,,
86.64,5.699326,50,,,
86.72,5.670613,50,,,
86.8,4.144094,50,,,
86.88,4.144094,50,,,
86.96,3.124819,50,,,
87.04,3.407153,50,,,
87.12,1.732289,50,,,
87.2,0.392397,50,,,
87.28,3.167887,50,,,
87.36,3.445436,50,,,
87.44,-0.550313,50,,,
87.52,-0.837432,50,,,
87.6,1.114981,50,,,
87.68,0.732155,50,,,
87.76,-0.378041,50,,,
87.84,-0.15313,50,,,
87.92,1.158049,50,,,
88,0.157916,50,,,
88.08,-1.363819,50,,,
88.16,0.373256,50,,,
88.24,0.885286,50,,,
88.32,1.904561,50,,,
88.4,2.923836,50,,,
88.48,1.138908,50,,,
88.56,2.196465,50,,,
88.64,4.258942,50,,,
88.72,3.517216,50,,,
88.8,2.861626,50,,,
88.88,2.861626,50,,,
88.96,3.72777,50,,,
89.04,5.048521,50,,,
89.12,3.679917,50,,,
89.2,1.153264,50,,,
89.28,0.746511,50,,,
89.36,1.775357,50,,,
89.44,2.593648,50,,,
89.52,1.827995,50,,,
89.6,-0.65559,50,,,
89.68,-0.315832,50,,,
89.76,3.50286,50,,,
89.84,3.522001,50,,,
89.92,3.856974,50,,,
90,3.282735,50,,,
90.08,3.019542,50,,,
90.16,4.952814,50,,,
90.24,4.211089,50,,,
90.32,1.851922,50,,,
90.4,4.82361,50,,,
90.48,6.383627,50,,,
90.56,4.048388,50,,,
90.64,4.469496,50,,,
90.72,3.794765,50,,,
90.8,4.168021,50,,,
90.88,4.168021,50,,,
90.96,4.928888,35,,,
91.04,5.421777,35,,,
91.12,7.460326,35,,,
91.2,7.522535,35,,,
91.28,5.172939,35,,,
91.36,5.646687,35,,,
91.44,5.627546,35,,,
91.52,4.349863,35,,,
91.6,3.038683,35,,,
91.68,1.076699,35,,,
91.76,1.272897,35,,,
91.84,2.593648,35,,,
91.92,2.674998,35,,,
92,4.933673,35,,,
92.08,10.278884,35,,,
92.16,11.499143,35,,,
92.24,7.182777,35,,,
92.32,4.780542,35,,,
92.4,6.450622,35,,,
92.48,5.220793,35,,,
92.56,0.492889,35,,,
92.64,-1.579158,35,,,
92.72,1.593514,35,,,
92.8,3.919184,35,,,
92.88,3.919184,35,,,
92.96,3.7182,35,,,
93.04,8.010639,35,,,
93.12,12.724186,35,,,
93.2,10.269314,35,,,
93.28,5.914666,35,,,
93.36,6.632464,35,,,
93.44,6.268779,35,,,
93.52,3.426295,35,,,
93.6,1.349462,35,,,
93.68,0.789579,35,,,
93.76,2.325669,35,,,
93.84,3.665561,35,,,
93.92,4.991097,35,,,
94,7.752232,35,,,
94.08,11.436934,35,,,
94.16,10.010906,35,,,
94.24,5.61319,35,,,
94.32,6.431481,35,,,
94.4,6.374057,35,,,
94.48,2.933406,35,,,
94.56,0.933139,35,,,
94.64,1.263327,35,,,
94.72,2.440517,35,,,
94.8,3.20617,35,,,
94.88,3.20617,35,,,
94.96,5.268646,35,,,
95.04,9.226112,35,,,
95.12,11.781477,35,,,
95.2,9.436666,35,,,
95.28,4.909747,35,,,
95.36,5.330855,35,,,
95.44,5.704111,35,,,
95.52,2.186895,35,,,
95.6,0.21534,35,,,
95.68,1.449954,35,,,
95.76,2.69414,35,,,
95.84,3.641634,35,,,
95.92,6.096508,35,,,
96,9.226112,35,,,
96.08,11.551781,35,,,
96.16,8.819359,35,,,
96.24,5.10116,35,,,
96.32,4.976741,35,,,
96.4,4.479067,35,,,
96.48,1.272897,35,,,
96.56,-0.818291,35,,,
96.64,1.201117,35,,,
96.72,2.856841,35,,,
96.8,4.225445,35,,,
96.88,4.225445,35,,,
96.96,10.312382,35,,,
97.04,13.2745,35,,,
97.12,9.77164,35,,,
97.2,5.795033,35,,,
97.28,4.766187,35,,,
97.36,3.722985,35,,,
97.44,1.674865,35,,,
97.52,0.076565,35,,,
97.6,-0.473747,35,,,
97.68,1.560017,35,,,
97.76,5.02938,35,,,
97.84,11.121102,35,,,
97.92,14.360769,35,,,
98,11.192882,35,,,
98.08,6.082151,35,,,
98.16,4.727904,35,,,
98.24,3.837833,35,,,
98.32,-0.023927,35,,,
98.4,-1.229829,35,,,
98.48,1.110196,35,,,
98.56,3.608137,35,,,
98.64,5.809388,35,,,
98.72,10.996683,35,,,
98.8,11.920252,35,,,
98.88,11.920252,35,,,
98.96,8.202052,35,,,
99.04,6.704245,35,,,
99.12,5.153798,35,,,
99.2,2.483585,35,,,
99.28,-1.617441,35,,,
99.36,-1.555232,35,,,
99.44,0.756082,35,,,
99.52,2.770705,35,,,
99.6,8.757151,35,,,
99.68,13.882236,35,,,
99.76,11.848472,35,,,
99.84,6.158717,35,,,
99.92,5.163369,35,,,
100,4.388146,35,,,
100.08,0.406753,35,,,
100.16,-2.459659,35,,,
100.24,-0.531171,35,,,
100.32,3.182243,35,,,
100.4,6.115649,35,,,
100.48,11.039752,35,,,
100.56,12.355717,35,,,
100.64,8.996417,35,,,
100.72,6.139576,35,,,
100.8,4.790113,35,,,
100.88,4.790113,35,,,
100.96,2.966903,35,,,
101.04,-2.100759,35,,,
101.12,-2.416591,35,,,
101.2,1.16762,35,,,
101.28,2.751563,35,,,
101.36,9.436666,35,,,
101.44,15.490107,35,,,
101.52,10.269314,35,,,
101.6,4.603486,35,,,
101.68,5.230363,35,,,
101.76,3.20617,35,,,
101.84,-0.052639,35,,,
101.92,-0.622093,35,,,
102,0.531171,35,,,
102.08,2.799417,35,,,
102.16,9.010773,35,,,
102.24,14.16457,35,,,
102.32,11.188097,35,,,
102.4,5.25429,35,,,
102.48,5.163369,35,,,
102.56,4.756616,35,,,
102.64,-0.425894,35,,,
102.72,-1.904561,35,,,
102.8,1.057557,35,,,
102.88,1.057557,35,,,
102.96,3.852189,60,,,
103.04,6.06301,60,,,
103.12,10.369805,60,,,
103.2,12.159518,60,,,
103.28,8.627946,60,,,
103.36,6.469763,60,,,
103.44,5.469629,60,,,
103.52,2.655857,60,,,
103.6,-1.292039,60,,,
103.68,-0.172272,60,,,
103.76,3.053039,60,,,
103.84,4.287654,60,,,
103.92,9.738142,60,,,
104,12.815108,60,,,
104.08,11.10196,60,,,
104.16,7.359835,60,,,
104.24,5.412206,60,,,
104.32,3.804336,60,,,
104.4,-0.617307,60,,,
104.48,-0.837432,60,,,
104.56,1.138908,60,,,
104.64,2.024194,60,,,
104.72,5.771105,60,,,
104.8,12.269581,60,,,
104.88,12.269581,60,,,
104.96,13.025662,60,,,
105.04,6.670747,60,,,
105.12,5.158583,60,,,
105.2,4.574774,60,,,
105.28,0.497674,60,,,
105.36,-1.957199,60,,,
105.44,-1.043201,60,,,
105.52,2.655857,60,,,
105.6,5.919451,60,,,
105.68,11.09239,60,,,
105.76,12.996951,60,,,
105.84,8.063277,60,,,
105.92,6.589396,60,,,
106,6.043869,60,,,
106.08,3.651205,60,,,
106.16,-0.076565,60,,,
106.24,-2.100759,60,,,
106.32,0.87093,60,,,
106.4,3.541142,60,,,
106.48,6.742527,60,,,
106.56,10.824411,60,,,
106.64,11.958534,60,,,
106.72,7.206704,60,,,
106.8,4.589129,60,,,
106.88,4.589129,60,,,
106.96,4.235015,60,,,
107.04,1.531305,60,,,
107.12,-2.325669,60,,,
107.2,-1.330321,60,,,
107.28,3.325803,60,,,
107.36,5.938592,60,,,
107.44,11.580493,60,,,
107.52,12.977809,60,,,
107.6,8.962919,60,,,
107.68,8.197267,60,,,
107.76,6.187429,60,,,
107.84,1.866278,60,,,
107.92,-2.536224,60,,,
108,-1.52652,60,,,
108.08,1.885419,60,,,
108.16,2.995615,60,,,
108.24,8.723653,60,,,
108.32,12.676333,60,,,
108.4,10.685637,60,,,
108.48,7.666096,60,,,
108.56,5.297358,60,,,
108.64,4.479067,60,,,
108.72,1.593514,60,,,
108.8,-1.971555,60,,,
108.88,-1.971555,60,,,
108.96,0.339758,60,,,
109.04,3.306662,60,,,
109.12,4.861893,60,,,
109.2,10.245387,60,,,
109.28,13.896592,60,,,
109.36,10.116183,60,,,
109.44,5.589262,60,,,
109.52,4.861893,60,,,
109.6,3.603352,60,,,
109.68,-1.641367,60,,,
109.76,-1.985911,60,,,
109.84,1.82321,60,,,
109.92,3.856974,60,,,
110,7.87665,60,,,
110.08,12.872532,60,,,
110.16,11.834116,60,,,
110.24,5.565336,60,,,
110.32,5.460059,60,,,
110.4,5.082018,60,,,
110.48,0.497674,60,,,
110.56,-1.105411,60,,,
110.64,0.44025,60,,,
110.72,2.69414,60,,,
110.8,5.866812,60,,,
110.88,5.866812,60,,,
110.96,11.255092,60,,,
111.04,12.800753,60,,,
111.12,8.187696,60,,,
111.2,5.641902,60,,,
111.28,5.517483,60,,,
111.36,3.239667,60,,,
111.44,-0.803935,60,,,
111.52,-0.660375,60,,,
111.6,1.406886,60,,,
111.68,3.048254,60,,,
111.76,10.532507,60,,,
111.84,14.064079,60,,,
111.92,10.403303,60,,,
112,6.675532,60,,,
112.08,4.890605,60,,,
112.16,2.947762,60,,,
112.24,-1.737074,60,,,
112.32,-1.555232,60,,,
112.4,1.091055,60,,,
112.48,3.301876,60,,,
112.56,8.958134,60,,,
112.64,13.528122,60,,,
112.72,11.590065,60,,,
112.8,5.728038,60,,,
112.88,5.728038,60,,,
112.96,4.971956,60,,,
113.04,5.416991,60,,,
113.12,1.205903,60,,,
113.2,-2.464444,60,,,
113.28,-0.392397,60,,,
113.36,3.742126,60,,,
113.44,5.713682,60,,,
113.52,10.51815,60,,,
113.6,12.996951,60,,,
113.68,10.149681,60,,,
113.76,7.125353,60,,,
113.84,4.727904,60,,,
113.92,1.622226,60,,,
114,-3.048254,60,,,
114.08,-1.588729,60,,,
114.16,2.167754,60,,,
114.24,4.450355,60,,,
114.32,9.671147,60,,,
114.4,13.097442,60,,,
114.48,9.675933,60,,,
114.56,5.90031,60,,,
114.64,5.144228,60,,,
114.72,3.43108,60,,,
114.8,-0.478533,60,,,
114.88,-0.478533,60,,,
114.96,-2.445302,70,,,
115.04,-0.023927,70,,,
115.12,3.866545,70,,,
115.2,9.336175,70,,,
115.28,15.131207,70,,,
115.36,10.632998,70,,,
115.44,2.976474,70,,,
115.52,5.268646,70,,,
115.6,5.594049,70,,,
115.68,0.133989,70,,,
115.76,-1.665294,70,,,
115.84,-0.526386,70,,,
115.92,2.139042,70,,,
116,7.144495,70,,,
116.08,12.566271,70,,,
116.16,12.633265,70,,,
116.24,6.307062,70,,,
116.32,5.603619,70,,,
116.4,5.82853,70,,,
116.48,1.205903,70,,,
116.56,-1.124552,70,,,
116.64,-0.14356,70,,,
116.72,2.373523,70,,,
116.8,5.158583,70,,,
116.88,5.158583,70,,,
116.96,10.776559,70,,,
117.04,13.250573,70,,,
117.12,10.039618,70,,,
117.2,6.905228,70,,,
117.28,4.809255,70,,,
117.36,2.48837,70,,,
117.44,-1.660509,70,,,
117.52,-1.287253,70,,,
117.6,1.076699,70,,,
117.68,3.608137,70,,,
117.76,8.795433,70,,,
117.84,13.638185,70,,,
117.92,11.800619,70,,,
118,5.244719,70,,,
118.08,4.613056,70,,,
118.16,5.536624,70,,,
118.24,1.694006,70,,,
118.32,-2.282601,70,,,
118.4,-0.129204,70,,,
118.48,3.110463,70,,,
118.56,4.708763,70,,,
118.64,11.322086,70,,,
118.72,12.973024,70,,,
118.8,8.087204,70,,,
118.88,8.087204,70,,,
118.96,6.675532,70,,,
119.04,5.421777,70,,,
119.12,1.617441,70,,,
119.2,-3.301876,70,,,
119.28,-1.957199,70,,,
119.36,2.512297,70,,,
119.44,5.230363,70,,,
119.52,11.642703,70,,,
119.6,14.346414,70,,,
119.68,9.661577,70,,,
119.76,5.388279,70,,,
119.84,4.029246,70,,,
119.92,1.435598,70,,,
120,-3.067395,70,,,
120.08,-0.923568,70,,,
120.16,3.321018,70,,,
120.24,5.498342,70,,,
120.32,12.671548,70,,,
120.4,13.470697,70,,,
120.48,7.144495,70,,,
120.56,5.55098,70,,,
120.64,4.938458,70,,,
120.72,1.904561,70,,,
120.8,-3.038683,70,,,
120.88,-3.038683,70,,,
120.96,-2.397449,70,,,
121.04,2.875982,70,,,
121.12,6.034299,70,,,
121.2,10.451156,70,,,
121.28,13.403703,70,,,
121.36,9.149548,70,,,
121.44,5.742394,70,,,
121.52,4.995883,70,,,
121.6,2.215607,70,,,
121.68,-2.100759,70,,,
121.76,-1.75143,70,,,
121.84,1.942843,70,,,
121.92,4.388146,70,,,
122,10.408088,70,,,
122.08,13.609472,70,,,
122.16,9.991765,70,,,
122.24,6.077366,70,,,
122.32,5.804603,70,,,
122.4,3.392797,70,,,
122.48,-2.957333,70,,,
122.56,-1.277683,70,,,
122.64,2.450088,70,,,
122.72,3.512431,70,,,
122.8,10.240602,70,,,
122.88,10.240602,70,,,
122.96,13.288856,70,,,
123.04,9.460593,70,,,
123.12,7.134924,70,,,
123.2,5.723252,70,,,
123.28,3.383227,70,,,
123.36,-0.684302,70,,,
123.44,-1.162835,70,,,
123.52,0.478533,70,,,
123.6,1.483452,70,,,
123.68,7.240201,70,,,
123.76,12.097309,70,,,
123.84,12.944312,70,,,
123.92,7.785729,70,,,
124,4.82361,70,,,
124.08,4.909747,70,,,
124.16,-0.205769,70,,,
124.24,-2.33524,70,,,
124.32,0.483318,70,,,
124.4,2.651072,70,,,
124.48,7.546463,70,,,
124.56,14.183712,70,,,
124.64,13.973158,70,,,
124.72,7.201918,70,,,
124.8,4.613056,70,,,
124.88,4.613056,70,,,
124.96,4.488638,70,,,
125.04,0.72737,70,,,
125.12,-2.69414,70,,,
125.2,-2.196465,70,,,
125.28,1.82321,70,,,
125.36,8.221193,70,,,
125.44,15.040285,70,,,
125.52,12.872532,70,,,
125.6,6.158717,70,,,
125.68,3.823477,70,,,
125.76,3.096107,70,,,
125.84,-0.741726,70,,,
125.92,-2.904694,70,,,
126,0.990563,70,,,
126.08,3.651205,70,,,
126.16,7.905362,70,,,
126.24,13.465913,70,,,
126.32,11.480001,70,,,
126.4,5.933807,70,,,
126.48,4.244586,70,,,
126.56,3.091322,70,,,
126.64,-1.789713,70,,,
126.72,-1.469096,70,,,
126.8,0.602951,70,,,
126.88,0.602951,70,,,
126.96,1.641367,70,,,
127.04,10.154466,70,,,
127.12,15.705447,70,,,
127.2,10.896192,70,,,
127.28,4.392931,70,,,
127.36,3.660776,70,,,
127.44,3.947896,70,,,
127.52,-1.253756,70,,,
127.6,-2.258675,70,,,
127.68,0.674731,70,,,
127.76,3.033898,70,,,
127.84,9.340961,70,,,
127.92,13.212291,70,,,
128,10.135324,70,,,
128.08,6.57504,70,,,
128.16,5.555766,70,,,
128.24,3.081751,70,,,
128.32,-2.067262,70,,,
128.4,-0.306261,70,,,
128.48,1.009704,70,,,
128.56,0.780008,70,,,
128.64,9.86256,70,,,
128.72,14.695742,70,,,
128.8,10.64257,70,,,
128.88,10.64257,70,,,
128.96,6.110864,70,,,
129.04,4.785328,70,,,
129.12,2.899909,70,,,
129.2,-2.789846,70,,,
129.28,-1.851922,70,,,
129.36,0.746511,70,,,
129.44,2.153398,70,,,
129.52,10.743061,70,,,
129.6,14.590465,70,,,
129.68,10.709564,70,,,
129.76,6.776024,70,,,
129.84,4.991097,70,,,
129.92,2.63193,70,,,
130,-1.052772,70,,,
130.08,-2.005052,70,,,
130.16,0.110063,70,,,
130.24,3.904828,70,,,
130.32,10.527721,70,,,
130.4,14.839302,70,,,
130.48,12.714616,70,,,
130.56,6.63725,70,,,
130.64,4.38336,70,,,
130.72,2.320884,70,,,
130.8,-3.416724,70,,,
130.88,-3.416724,70,,,
130.96,-0.51203,70,,,
131.04,2.871197,70,,,
131.12,3.569855,70,,,
131.2,10.087471,70,,,
131.28,13.843953,70,,,
131.36,10.187963,70,,,
131.44,5.842885,70,,,
131.52,4.809255,70,,,
131.6,2.8377,70,,,
131.68,-2.311313,70,,,
131.76,-2.756349,70,,,
131.84,1.82321,70,,,
131.92,5.747179,70,,,
132,11.853257,70,,,
132.08,12.939527,70,,,
132.16,9.340961,70,,,
132.24,6.618109,70,,,
132.32,4.603486,70,,,
132.4,2.608004,70,,,
132.48,-1.985911,70,,,
132.56,-2.40702,70,,,
132.64,1.765786,70,,,
132.72,5.283002,70,,,
132.8,10.551648,70,,,
132.88,10.551648,70,,,
132.96,13.389347,70,,,
133.04,11.207237,70,,,
133.12,7.398117,70,,,
133.2,5.010238,70,,,
133.28,2.48837,70,,,
133.36,-3.368871,70,,,
133.44,-1.631797,70,,,
133.52,3.321018,70,,,
133.6,6.316633,70,,,
133.68,12.202586,70,,,
133.76,14.068864,70,,,
133.84,10.647354,70,,,
133.92,6.522402,70,,,
134,4.096241,70,,,
134.08,0.913998,70,,,
134.16,-3.14396,70,,,
134.24,-1.469096,70,,,
134.32,2.91905,70,,,
134.4,7.450756,70,,,
134.48,13.040019,70,,,
134.56,13.839169,70,,,
134.64,7.522535,70,,,
134.72,4.330722,70,,,
134.8,2.861626,70,,,
134.88,2.861626,70,,,
134.96,-2.464444,70,,,
135.04,-1.780142,70,,,
135.12,0.660375,70,,,
135.2,0.732155,70,,,
135.28,10.05876,70,,,
135.36,17.054909,70,,,
135.44,10.800486,70,,,
135.52,5.689754,70,,,
135.6,5.096375,70,,,
135.68,1.684435,70,,,
135.76,-4.388146,70,,,
135.84,-1.990696,70,,,
135.92,2.770705,70,,,
136,4.794899,70,,,
136.08,11.599635,70,,,
136.16,13.877451,70,,,
136.24,8.465245,70,,,
136.32,5.54141,70,,,
136.4,4.364219,70,,,
136.48,-0.019141,70,,,
136.56,-3.627278,70,,,
136.64,-0.665161,70,,,
136.72,3.94311,70,,,
136.8,7.154065,70,,,
136.88,7.154065,70,,,
136.96,11.968105,70,,,
137.04,13.709964,70,,,
137.12,8.044136,70,,,
137.2,4.689621,70,,,
137.28,3.990963,70,,,
137.36,-0.607737,70,,,
137.44,-2.617574,70,,,
137.52,-1.081484,70,,,
137.6,3.124819,70,,,
137.68,9.738142,70,,,
137.76,13.523336,70,,,
137.84,10.097042,70,,,
137.92,5.067662,70,,,
138,5.287787,70,,,
138.08,4.364219,70,,,
138.16,-0.913998,70,,,
138.24,-0.373256,70,,,
138.32,0.3589,70,,,
138.4,0.899642,70,,,
138.48,9.575441,70,,,
138.56,14.705313,70,,,
138.64,10.441586,70,,,
138.72,6.541543,70,,,
138.8,5.373923,70,,,
138.88,5.373923,70,,,
138.96,2.363952,70,,,
139.04,-1.904561,70,,,
139.12,-2.124686,70,,,
139.2,1.397316,70,,,
139.28,4.924102,70,,,
139.36,10.240602,70,,,
139.44,13.652541,70,,,
139.52,11.805404,70,,,
139.6,7.680451,70,,,
139.68,4.861893,70,,,
139.76,2.014623,70,,,
139.84,-2.655857,70,,,
139.92,-1.344677,70,,,
140,1.794498,70,,,
140.08,3.785194,70,,,
140.16,10.637784,70,,,
140.24,13.863095,70,,,
140.32,11.145029,70,,,
140.4,6.651606,70,,,
140.48,4.321151,70,,,
140.56,2.043335,70,,,
140.64,-2.450088,70,,,
140.72,-0.679517,70,,,
140.8,2.914265,70,,,
140.88,2.914265,70,,,
140.96,6.039084,70,,,
141.04,12.293508,70,,,
141.12,12.393999,70,,,
141.2,7.977142,70,,,
141.28,7.115782,70,,,
141.36,4.82361,70,,,
141.44,-0.473747,70,,,
141.52,-3.522001,70,,,
141.6,-0.612522,70,,,
141.68,4.402502,70,,,
141.76,7.359835,70,,,
141.84,11.661844,70,,,
141.92,12.800753,70,,,
142,7.297625,70,,,
142.08,5.852456,70,,,
142.16,5.373923,70,,,
142.24,0.607737,70,,,
142.32,-1.928487,70,,,
142.4,0.028712,70,,,
142.48,3.526787,70,,,
142.56,6.642035,70,,,
142.64,12.288722,70,,,
142.72,12.695476,70,,,
142.8,8.843287,70,,,
142.88,8.843287,70,,,
142.96,6.484119,70,,,
143.04,4.5987,70,,,
143.12,1.220259,70,,,
143.2,-2.603218,70,,,
143.28,-0.272764,70,,,
143.36,2.698925,70,,,
143.44,4.254157,70,,,
143.52,11.427363,70,,,
143.6,14.202853,70,,,
143.68,8.919851,70,,,
143.76,7.407687,70,,,
143.84,4.703978,70,,,
143.92,-0.540742,70,,,
144,-0.277549,70,,,
144.08,-0.325402,70,,,
144.16,2.100759,70,,,
144.24,6.551114,70,,,
144.32,9.92477,70,,,
144.4,12.441853,70,,,
144.48,8.570522,70,,,
144.56,4.976741,70,,,
144.64,6.058225,70,,,
144.72,5.426562,70,,,
144.8,2.411805,70,,,
144.88,2.411805,70,,,
144.96,0.894856,70,,,
145.04,2.531439,70,,,
145.12,4.603486,70,,,
145.2,4.402502,70,,,
145.28,4.426428,70,,,
145.36,6.603753,70,,,
145.44,9.077767,70,,,
145.52,9.221327,70,,,
145.6,6.431481,70,,,
145.68,4.895391,70,,,
145.76,6.41234,70,,,
145.84,5.728038,70,,,
145.92,4.479067,70,,,
146,4.632197,70,,,
146.08,4.459926,70,,,
146.16,3.316232,70,,,
146.24,3.636849,70,,,
146.32,4.881034,70,,,
146.4,4.88582,70,,,
146.48,5.120301,70,,,
146.56,7.431614,70,,,
146.64,9.570656,70,,,
146.72,7.627812,70,,,
146.8,5.259075,70,,,
146.88,5.259075,70,,,
146.96,5.364352,70,,,
147.04,5.665828,70,,,
147.12,5.780676,70,,,
147.2,4.737474,70,,,
147.28,3.14396,70,,,
147.36,3.746912,70,,,
147.44,4.502994,70,,,
147.52,4.2398,70,,,
147.6,4.51735,70,,,
147.68,5.474415,70,,,
147.76,6.56547,70,,,
147.84,7.900576,70,,,
147.92,8.905495,70,,,
148,6.886087,70,,,
148.08,4.325936,70,,,
148.16,5.694541,70,,,
148.24,5.943377,70,,,
148.32,5.842885,70,,,
148.4,6.259209,70,,,
148.48,3.368871,70,,,
148.56,1.622226,70,,,
148.64,3.761268,70,,,
148.72,5.067662,70,,,
148.8,4.139309,70,,,
148.88,4.139309,70,,,
148.96,5.005453,70,,,
149.04,8.077634,70,,,
149.12,9.757283,70,,,
149.2,8.532239,70,,,
149.28,6.130005,70,,,
149.36,4.828396,70,,,
149.44,5.680184,70,,,
149.52,5.790246,70,,,
149.6,4.857108,70,,,
149.68,3.957466,70,,,
149.76,3.483719,70,,,
149.84,3.766053,70,,,
149.92,3.416724,70,,,
150,3.282735,70,,,
150.08,4.785328,70,,,
150.16,6.752098,70,,,
150.24,8.709297,70,,,
150.32,9.360102,70,,,
150.4,5.656257,70,,,
150.48,3.50286,70,,,
150.56,5.90031,70,,,
150.64,6.508046,70,,,
150.72,5.708897,70,,,
150.8,4.067529,70,,,
150.88,4.067529,70,,,
150.96,2.139042,65,,,
151.04,2.641501,65,,,
151.12,4.038817,65,,,
151.2,4.321151,65,,,
151.28,4.608271,65,,,
151.36,6.397984,65,,,
151.44,8.714082,65,,,
151.52,9.139977,65,,,
151.6,7.316766,65,,,
151.68,5.450488,65,,,
151.76,5.560551,65,,,
151.84,6.785595,65,,,
151.92,5.996016,65,,,
152,3.880901,65,,,
152.08,3.50286,65,,,
152.16,4.388146,65,,,
152.24,3.876116,65,,,
152.32,3.450222,65,,,
152.4,4.37379,65,,,
152.48,5.742394,65,,,
152.56,7.752232,65,,,
152.64,9.503661,65,,,
152.72,8.943778,65,,,
152.8,5.316499,65,,,
152.88,5.316499,65,,,
152.96,4.282868,65,,,
153.04,6.359701,65,,,
153.12,6.508046,65,,,
153.2,5.32607,65,,,
153.28,3.397583,65,,,
153.36,3.794765,65,,,
153.44,3.856974,65,,,
153.52,3.110463,65,,,
153.6,4.646554,65,,,
153.68,5.536624,65,,,
153.76,7.053574,65,,,
153.84,9.647221,65,,,
153.92,9.848205,65,,,
154,7.240201,65,,,
154.08,4.703978,65,,,
154.16,4.971956,65,,,
154.24,6.799951,65,,,
154.32,5.641902,65,,,
154.4,2.880768,65,,,
154.48,2.282601,65,,,
154.56,3.904828,65,,,
154.64,3.904828,65,,,
154.72,3.368871,65,,,
154.8,5.603619,65,,,
154.88,5.603619,65,,,
154.96,6.977008,65,,,
155.04,8.182911,65,,,
155.12,9.656792,65,,,
155.2,8.441319,65,,,
155.28,5.244719,65,,,
155.36,4.129738,65,,,
155.44,5.689754,65,,,
155.52,6.197,65,,,
155.6,5.292572,65,,,
155.68,3.517216,65,,,
155.76,3.163102,65,,,
155.84,4.038817,65,,,
155.92,4.349863,65,,,
156,4.842752,65,,,
156.08,5.283002,65,,,
156.16,6.254424,65,,,
156.24,8.8385,65,,,
156.32,9.41274,65,,,
156.4,7.508179,65,,,
156.48,5.373923,65,,,
156.56,4.833181,65,,,
156.64,5.972089,65,,,
156.72,5.933807,65,,,
156.8,5.10116,65,,,
156.88,5.10116,65,,,
156.96,3.670346,65,,,
157.04,3.43108,65,,,
157.12,4.392931,65,,,
157.2,4.110597,65,,,
157.28,4.249372,65,,,
157.36,5.952948,65,,,
157.44,6.488904,65,,,
157.52,7.503394,65,,,
157.6,9.082553,65,,,
157.68,7.383761,65,,,
157.76,5.053306,65,,,
157.84,5.239934,65,,,
157.92,6.130005,65,,,
158,5.986445,65,,,
158.08,4.727904,65,,,
158.16,3.110463,65,,,
158.24,3.775624,65,,,
158.32,4.847537,65,,,
158.4,3.87133,65,,,
158.48,3.780409,65,,,
158.56,4.833181,65,,,
158.64,6.417125,65,,,
158.72,9.001202,65,,,
158.8,9.589797,65,,,
158.88,9.589797,65,,,
158.96,6.771239,65,,,
159.04,4.871464,65,,,
159.12,5.024594,65,,,
159.2,6.235282,65,,,
159.28,5.771105,65,,,
159.36,4.507779,65,,,
159.44,4.799684,65,,,
159.52,3.560284,65,,,
159.6,3.091322,65,,,
159.68,4.632197,65,,,
159.76,4.531706,65,,,
159.84,4.493423,65,,,
159.92,6.330989,65,,,
160,9.336175,65,,,
160.08,10.398518,65,,,
160.16,7.910147,65,,,
160.24,5.043736,65,,,
160.32,4.512564,65,,,
160.4,6.536758,65,,,
160.48,6.354916,65,,,
160.56,4.163235,65,,,
160.64,2.70371,65,,,
160.72,3.50286,65,,,
160.8,4.603486,65,,,
160.88,4.603486,65,,,
160.96,3.813906,65,,,
161.04,3.775624,65,,,
161.12,5.082018,65,,,
161.2,7.493823,65,,,
161.28,9.752499,65,,,
161.36,9.039484,65,,,
161.44,5.603619,65,,,
161.52,4.201518,65,,,
161.6,5.651472,65,,,
161.68,6.450622,65,,,
161.76,5.211222,65,,,
161.84,3.761268,65,,,
161.92,3.464577,65,,,
162,4.321151,65,,,
162.08,4.81404,65,,,
162.16,3.64642,65,,,
162.24,3.354515,65,,,
162.32,4.790113,65,,,
162.4,7.838367,65,,,
162.48,10.302811,65,,,
162.56,9.623295,65,,,
162.64,6.197,65,,,
162.72,4.115382,65,,,
162.8,5.034165,65,,,
162.88,5.034165,65,,,
162.96,5.426562,50,,,
163.04,4.866678,50,,,
163.12,3.981393,50,,,
163.2,4.096241,50,,,
163.28,4.378575,50,,,
163.36,4.182377,50,,,
163.44,4.842752,50,,,
163.52,5.617975,50,,,
163.6,6.374057,50,,,
163.68,8.302544,50,,,
163.76,9.900843,50,,,
163.84,8.10156,50,,,
163.92,4.837966,50,,,
164,5.163369,50,,,
164.08,6.608538,50,,,
164.16,5.756749,50,,,
164.24,4.388146,50,,,
164.32,3.182243,50,,,
164.4,3.947896,50,,,
164.48,4.794899,50,,,
164.56,3.852189,50,,,
164.64,4.30201,50,,,
164.72,5.302144,50,,,
164.8,6.206571,50,,,
164.88,6.206571,50,,,
164.96,8.738009,50,,,
165.04,10.049189,50,,,
165.12,7.082285,50,,,
165.2,4.440784,50,,,
165.28,4.770972,50,,,
165.36,6.426695,50,,,
165.44,5.895524,50,,,
165.52,3.655991,50,,,
165.6,3.392797,50,,,
165.68,4.665695,50,,,
165.76,4.665695,50,,,
165.84,4.029246,50,,,
165.92,4.88582,50,,,
166,5.373923,50,,,
166.08,6.632464,50,,,
166.16,9.283536,50,,,
166.24,9.939127,50,,,
166.32,5.713682,50,,,
166.4,3.014756,50,,,
166.48,6.091722,50,,,
166.56,6.799951,50,,,
166.64,5.077233,50,,,
166.72,4.727904,50,,,
166.8,3.478933,50,,,
166.88,3.478933,50,,,
166.96,3.833048,50,,,
167.04,4.211089,50,,,
167.12,3.746912,50,,,
167.2,4.809255,50,,,
167.28,5.32607,50,,,
167.36,6.402769,50,,,
167.44,9.307463,50,,,
167.52,9.800351,50,,,
167.6,6.024728,50,,,
167.68,3.565069,50,,,
167.76,5.172939,50,,,
167.84,6.560685,50,,,
167.92,5.670613,50,,,
168,4.225445,50,,,
168.08,3.182243,50,,,
168.16,3.038683,50,,,
168.24,3.383227,50,,,
168.32,3.904828,50,,,
168.4,4.019675,50,,,
168.48,5.086803,50,,,
168.56,8.001068,50,,,
168.64,9.685504,50,,,
168.72,8.537025,50,,,
168.8,5.153798,50,,,
168.88,5.153798,50,,,
168.96,3.770838,50,,,
169.04,5.852456,50,,,
169.12,6.56547,50,,,
169.2,5.421777,50,,,
169.28,4.507779,50,,,
169.36,3.751697,50,,,
169.44,4.08667,50,,,
169.52,4.2398,50,,,
169.6,3.593781,50,,,
169.68,3.923969,50,,,
169.76,5.694541,50,,,
169.84,8.45089,50,,,
169.92,9.776425,50,,,
170,8.74758,50,,,
170.08,6.058225,50,,,
170.16,5.086803,50,,,
170.24,5.876382,50,,,
170.32,5.469629,50,,,
170.4,4.67048,50,,,
170.48,3.569855,50,,,
170.56,3.043469,50,,,
170.64,3.722985,50,,,
170.72,3.813906,50,,,
170.8,4.153665,50,,,
170.88,4.153665,50,,,
170.96,5.905095,50,,,
171.04,7.235415,50,,,
171.12,8.642303,50,,,
171.2,9.345745,50,,,
171.28,7.642169,50,,,
171.36,4.770972,50,,,
171.44,4.144094,50,,,
171.52,6.584611,50,,,
171.6,6.235282,50,,,
171.68,4.617842,50,,,
171.76,3.665561,50,,,
171.84,3.057824,50,,,
171.92,4.029246,50,,,
172,3.775624,50,,,
172.08,4.412073,50,,,
172.16,5.555766,50,,,
172.24,6.091722,50,,,
172.32,8.919851,50,,,
172.4,10.22146,50,,,
172.48,7.479468,50,,,
172.56,5.216008,50,,,
172.64,5.273431,50,,,
172.72,6.383627,50,,,
172.8,5.469629,50,,,
172.88,5.469629,50,,,
172.96,3.775624,50,,,
173.04,3.153531,50,,,
173.12,4.287654,50,,,
173.2,4.818825,50,,,
173.28,3.919184,50,,,
173.36,5.058092,50,,,
173.44,5.929021,50,,,
173.52,6.488904,50,,,
173.6,8.948564,50,,,
173.68,10.044404,50,,,
173.76,6.508046,50,,,
173.84,4.316366,50,,,
173.92,5.321285,50,,,
174,6.603753,50,,,
174.08,5.684969,50,,,
174.16,3.665561,50,,,
174.24,3.34973,50,,,
174.32,4.933673,50,,,
174.4,5.216008,50,,,
174.48,3.660776,50,,,
174.56,4.187162,50,,,
174.64,4.852323,50,,,
174.72,5.651472,50,,,
174.8,9.029914,50,,,
174.88,9.029914,50,,,
174.96,10.967971,45,,,
175.04,8.096775,45,,,
175.12,4.747046,45,,,
175.2,4.723119,45,,,
175.28,6.57504,45,,,
175.36,5.957733,45,,,
175.44,3.895257,45,,,
175.52,2.598433,45,,,
175.6,3.321018,45,,,
175.68,4.928888,45,,,
175.76,4.665695,45,,,
175.84,4.182377,45,,,
175.92,4.890605,45,,,
176,7.240201,45,,,
176.08,9.733356,45,,,
176.16,9.087337,45,,,
176.24,5.024594,45,,,
176.32,3.799551,45,,,
176.4,6.177858,45,,,
176.48,6.326204,45,,,
176.56,4.909747,45,,,
176.64,4.268513,45,,,
176.72,3.919184,45,,,
176.8,4.077099,45,,,
176.88,4.077099,45,,,
176.96,4.349863,45,,,
177.04,4.01489,45,,,
177.12,3.986178,45,,,
177.2,5.340426,45,,,
177.28,6.809522,45,,,
177.36,8.412606,45,,,
177.44,9.297892,45,,,
177.52,6.809522,45,,,
177.6,5.139442,45,,,
177.68,5.436133,45,,,
177.76,5.952948,45,,,
177.84,5.345211,45,,,
177.92,3.914398,45,,,
178,3.684702,45,,,
178.08,4.244586,45,,,
178.16,4.426428,45,,,
178.24,3.842618,45,,,
178.32,4.081885,45,,,
178.4,5.082018,45,,,
178.48,6.522402,45,,,
178.56,8.89114,45,,,
178.64,9.738142,45,,,
178.72,7.498609,45,,,
178.8,4.335507,45,,,
178.88,4.335507,45,,,
178.96,4.531706,45,,,
179.04,6.79038,45,,,
179.12,5.694541,45,,,
179.2,3.665561,45,,,
179.28,3.684702,45,,,
179.36,4.995883,45,,,
179.44,4.747046,45,,,
179.52,3.923969,45,,,
179.6,4.153665,45,,,
179.68,4.976741,45,,,
179.76,6.086937,45,,,
179.84,8.594449,45,,,
179.92,10.647354,45,,,
180,7.154065,45,,,
180.08,3.967037,45,,,
180.16,5.402636,45,,,
180.24,6.13479,45,,,
180.32,5.8381,45,,,
180.4,4.88582,45,,,
180.48,3.105678,45,,,
180.56,3.297091,45,,,
180.64,3.995749,45,,,
180.72,3.737341,45,,,
180.8,3.636849,45,,,
180.88,3.636849,45,,,
180.96,5.153798,45,,,
181.04,7.484253,45,,,
181.12,9.254825,45,,,
181.2,8.848071,45,,,
181.28,6.598967,45,,,
181.36,4.924102,45,,,
181.44,5.311714,45,,,
181.52,6.35013,45,,,
181.6,5.522269,45,,,
181.68,4.51735,45,,,
181.76,3.804336,45,,,
181.84,4.129738,45,,,
181.92,4.402502,45,,,
182,4.029246,45,,,
182.08,4.708763,45,,,
182.16,4.890605,45,,,
182.24,5.54141,45,,,
182.32,8.690156,45,,,
182.4,10.05876,45,,,
182.48,6.895658,45,,,
182.56,4.723119,45,,,
182.64,5.39785,45,,,
182.72,5.972089,45,,,
182.8,4.938458,45,,,
182.88,4.938458,45,,,
182.96,3.488504,45,,,
183.04,3.340159,45,,,
183.12,3.904828,45,,,
183.2,4.177591,45,,,
183.28,3.933539,45,,,
183.36,4.034031,45,,,
183.44,5.115516,45,,,
183.52,8.221193,45,,,
183.6,10.542077,45,,,
183.68,9.273966,45,,,
183.76,4.737474,45,,,
183.84,3.297091,45,,,
183.92,6.488904,45,,,
184,6.689888,45,,,
184.08,4.464711,45,,,
184.16,3.416724,45,,,
184.24,3.426295,45,,,
184.32,4.182377,45,,,
184.4,4.316366,45,,,
184.48,4.876249,45,,,
184.56,5.120301,45,,,
184.64,5.144228,45,,,
184.72,7.694807,45,,,
184.8,9.695074,45,,,
184.88,9.695074,45,,,
184.96,8.991631,45,,,
185.04,6.192214,45,,,
185.12,4.282868,45,,,
185.2,5.172939,45,,,
185.28,6.149146,45,,,
185.36,5.488771,45,,,
185.44,3.976607,45,,,
185.52,3.019542,45,,,
185.6,3.579425,45,,,
185.68,4.268513,45,,,
185.76,3.900042,45,,,
185.84,4.034031,45,,,
185.92,5.594049,45,,,
186,8.795433,45,,,
186.08,10.685637,45,,,
186.16,8.455674,45,,,
186.24,4.751831,45,,,
186.32,4.211089,45,,,
186.4,5.699326,45,,,
186.48,6.699459,45,,,
186.56,5.373923,45,,,
186.64,3.43108,45,,,
186.72,3.512431,45,,,
186.8,4.091455,45,,,
186.88,4.091455,45,,,
186.96,4.507779,50,,,
187.04,4.177591,50,,,
187.12,4.766187,50,,,
187.2,5.661043,50,,,
187.28,7.359835,50,,,
187.36,9.293107,50,,,
187.44,8.321685,50,,,
187.52,6.106079,50,,,
187.6,4.847537,50,,,
187.68,5.651472,50,,,
187.76,6.407554,50,,,
187.84,5.345211,50,,,
187.92,3.58421,50,,,
188,3.388012,50,,,
188.08,5.115516,50,,,
188.16,4.369005,50,,,
188.24,4.555632,50,,,
188.32,5.689754,50,,,
188.4,5.10116,50,,,
188.48,6.613323,50,,,
188.56,8.618376,50,,,
188.64,7.800084,50,,,
188.72,6.900443,50,,,
188.8,5.546195,50,,,
188.88,5.546195,50,,,
188.96,5.388279,50,,,
189.04,5.790246,50,,,
189.12,3.952681,50,,,
189.2,3.148746,50,,,
189.28,4.450355,50,,,
189.36,5.431347,50,,,
189.44,3.919184,50,,,
189.52,3.258808,50,,,
189.6,3.742126,50,,,
189.68,4.5987,50,,,
189.76,7.192348,50,,,
189.84,9.690289,50,,,
189.92,8.967705,50,,,
190,5.852456,50,,,
190.08,4.756616,50,,,
190.16,5.522269,50,,,
190.24,5.661043,50,,,
190.32,5.464844,50,,,
190.4,4.627412,50,,,
190.48,4.15845,50,,,
190.56,4.01489,50,,,
190.64,3.569855,50,,,
190.72,4.244586,50,,,
190.8,5.019809,50,,,
190.88,5.019809,50,,,
190.96,5.55098,50,,,
191.04,6.091722,50,,,
191.12,8.292973,50,,,
191.2,10.039618,50,,,
191.28,6.130005,50,,,
191.36,3.545928,50,,,
191.44,6.077366,50,,,
191.52,6.230497,50,,,
191.6,4.464711,50,,,
191.68,3.694273,50,,,
191.76,3.249238,50,,,
191.84,3.823477,50,,,
191.92,4.244586,50,,,
192,5.043736,50,,,
192.08,5.115516,50,,,
192.16,4.665695,50,,,
192.24,7.177992,50,,,
192.32,9.714215,50,,,
192.4,9.202186,50,,,
192.48,5.589262,50,,,
192.56,4.608271,50,,,
192.64,5.177725,50,,,
192.72,5.015024,50,,,
192.8,4.919317,50,,,
192.88,4.919317,50,,,
192.96,4.254157,50,,,
193.04,4.206303,50,,,
193.12,4.019675,50,,,
193.2,3.651205,50,,,
193.28,3.622493,50,,,
193.36,4.560418,50,,,
193.44,5.584477,50,,,
193.52,7.761802,50,,,
193.6,9.364886,50,,,
193.68,8.680585,50,,,
193.76,5.589262,50,,,
193.84,3.569855,50,,,
193.92,5.589262,50,,,
194,6.642035,50,,,
194.08,4.335507,50,,,
194.16,3.201384,50,,,
194.24,4.08667,50,,,
194.32,4.168021,50,,,
194.4,4.057958,50,,,
194.48,3.990963,50,,,
194.56,4.852323,50,,,
194.64,6.034299,50,,,
194.72,7.355049,50,,,
194.8,9.340961,50,,,
194.88,9.340961,50,,,
194.96,8.355183,50,,,
195.04,4.282868,50,,,
195.12,4.258942,50,,,
195.2,6.321418,50,,,
195.28,5.866812,50,,,
195.36,4.747046,50,,,
195.44,4.871464,50,,,
195.52,4.766187,50,,,
195.6,3.622493,50,,,
195.68,4.512564,50,,,
195.76,4.546062,50,,,
195.84,4.211089,50,,,
195.92,6.254424,50,,,
196,6.330989,50,,,
196.08,5.522269,50,,,
196.16,6.216141,50,,,
196.24,4.656124,50,,,
196.32,1.928487,50,,,
196.4,1.335106,50,,,
196.48,1.196332,50,,,
196.56,1.871063,50,,,
196.64,1.330321,50,,,
196.72,0.062209,50,,,
196.8,-0.023927,50,,,
196.88,-0.023927,50,,,
196.96,-0.354114,50,,,
197.04,-0.306261,50,,,
197.12,-0.904427,50,,,
197.2,-1.009704,50,,,
197.28,-0.899642,50,,,
197.36,-1.268112,50,,,
197.44,-1.655723,50,,,
197.52,-1.770571,50,,,
197.6,-1.737074,50,,,
197.68,-1.741859,50,,,
197.76,-1.746645,50,,,
197.84,-1.583943,50,,,
197.92,-1.593514,50,,,
198,-1.947628,50,,,
198.08,-1.713147,50,,,
198.16,-1.976341,50,,,
198.24,-1.560017,50,,,
198.32,-0.397182,50,,,
198.4,-0.65559,50,,,
198.48,-1.646153,50,,,
198.56,-2.306528,50,,,
198.64,-1.918916,50,,,
198.72,-0.861359,50,,,
198.8,-0.401968,50,,,
198.88,-0.401968,50,,,
198.96,-0.79915,35,,,
199.04,-1.39253,35,,,
199.12,-1.39253,35,,,
199.2,-1.043201,35,,,
199.28,-1.827995,35,,,
199.36,-1.818425,35,,,
199.44,-1.16762,35,,,
199.52,-1.335106,35,,,
199.6,-2.04812,35,,,
199.68,-1.82321,35,,,
199.76,-1.488237,35,,,
199.84,-1.89499,35,,,
199.92,-2.129471,35,,,
200,-1.359033,35,,,
200.08,-1.292039,35,,,
200.16,-1.818425,35,,,
200.24,-1.722718,35,,,
200.32,-1.961984,35,,,
200.4,-1.502593,35,,,
200.48,-1.459525,35,,,
200.56,-1.794498,35,,,
200.64,-1.205903,35,,,
200.72,-1.124552,35,,,
200.8,-2.430947,35,,,
200.88,-2.430947,35,,,
200.96,-1.330321,35,,,
201.04,-1.162835,35,,,
201.12,-2.1199,35,,,
201.2,-1.2394,35,,,
201.28,-1.435598,35,,,
201.36,-2.220392,35,,,
201.44,-2.450088,35,,,
201.52,-2.454873,35,,,
201.6,-1.813639,35,,,
201.68,-0.569454,35,,,
201.76,0.07178,35,,,
201.84,-0.832647,35,,,
201.92,-1.550446,35,,,
202,-2.043335,35,,,
202.08,-2.56015,35,,,
202.16,-0.73694,35,,,
202.24,1.344677,35,,,
202.32,1.114981,35,,,
202.4,-0.038283,35,,,
202.48,-0.047853,35,,,
202.56,0.660375,35,,,
202.64,1.124552,35,,,
202.72,0.320617,35,,,
202.8,0.004785,35,,,
202.88,0.004785,35,,,
202.96,0.449821,35,,,
203.04,0.626878,35,,,
203.12,0.73694,35,,,
203.2,0.770438,35,,,
203.28,0.823076,35,,,
203.36,0.823076,35,,,
203.44,1.019275,35,,,
203.52,0.909212,35,,,
203.6,0.899642,35,,,
203.68,1.052772,35,,,
203.76,0.8805,35,,,
203.84,0.913998,35,,,
203.92,1.16762,35,,,
204,1.129337,35,,,
204.08,0.95228,35,,,
204.16,1.138908,35,,,
204.24,1.282468,35,,,
204.32,1.100625,35,,,
204.4,1.047987,35,,,
204.48,1.100625,35,,,
204.56,1.043201,35,,,
204.64,0.985778,35,,,
204.72,1.047987,35,,,
204.8,1.134123,35,,,
204.88,1.134123,35,,,
204.96,1.047987,35,,,
205.04,1.057557,35,,,
205.12,1.138908,35,,,
205.2,1.110196,35,,,
205.28,1.047987,35,,,
205.36,1.033631,35,,,
205.44,1.028846,35,,,
205.52,1.02406,35,,,
205.6,1.004919,35,,,
205.68,1.009704,35,,,
205.76,1.004919,35,,,
205.84,1.004919,35,,,
205.92,1.138908,35,,,
206,1.062343,35,,,
206.08,0.971422,35,,,
206.16,1.009704,35,,,
206.24,0.995348,35,,,
206.32,1.038416,35,,,
206.4,1.028846,35,,,
206.48,1.019275,35,,,
206.56,1.038416,35,,,
206.64,0.976207,35,,,
206.72,0.976207,35,,,
206.8,1.038416,35,,,
206.88,1.038416,35,,,
206.96,1.110196,35,,,
207.04,1.091055,35,,,
207.12,0.985778,35,,,
207.2,1.009704,35,,,
207.28,1.019275,35,,,
207.36,1.02406,35,,,
207.44,1.134123,35,,,
207.52,1.153264,35,,,
207.6,1.043201,35,,,
207.68,0.928354,35,,,
207.76,1.047987,35,,,
207.84,1.124552,35,,,
207.92,1.052772,35,,,
208,1.081484,35,,,
208.08,1.091055,35,,,
208.16,1.091055,35,,,
208.24,1.076699,35,,,
208.32,1.052772,35,,,
208.4,1.038416,35,,,
208.48,1.057557,35,,,
208.56,1.119767,35,,,
208.64,1.143693,35,,,
208.72,1.143693,35,,,
208.8,1.100625,35,,,
208.88,1.100625,35,,,
208.96,1.076699,35,,,
209.04,1.114981,35,,,
209.12,1.033631,35,,,
209.2,1.019275,35,,,
209.28,1.134123,35,,,
209.36,1.114981,35,,,
209.44,1.091055,35,,,
209.52,1.110196,35,,,
209.6,1.081484,35,,,
209.68,1.081484,35,,,
209.76,1.062343,35,,,
209.84,1.071913,35,,,
209.92,1.067128,35,,,
210,1.086269,35,,,
210.08,1.110196,35,,,
210.16,1.100625,35,,,
210.24,1.138908,35,,,
210.32,1.172405,35,,,
210.4,1.138908,35,,,
210.48,1.129337,35,,,
210.56,1.114981,35,,,
210.64,1.086269,35,,,
210.72,1.114981,35,,,
210.8,1.162835,35,,,
210.88,1.162835,35,,,
210.96,1.057557,0,,,
211.04,1.000134,0,,,
211.12,1.086269,0,,,
211.2,1.081484,0,,,
211.28,1.09584,0,,,
211.36,1.110196,0,,,
211.44,1.138908,0,,,
211.52,1.114981,0,,,
211.6,1.100625,0,,,
211.68,1.09584,0,,,
211.76,1.09584,0,,,
211.84,1.105411,0,,,
211.92,1.081484,0,,,
212,1.114981,0,,,
212.08,1.138908,0,,,
212.16,1.124552,0,,,
212.24,1.124552,0,,,
212.32,1.138908,0,,,
212.4,1.158049,0,,,
212.48,1.134123,0,,,
212.56,1.100625,0,,,
212.64,1.134123,0,,,
212.72,1.134123,0,,,
212.8,1.114981,0,,,
212.88,1.114981,0,,,
212.96,1.114981,0,,,
213.04,1.067128,0,,,
213.12,1.062343,0,,,
213.2,1.105411,0,,,
213.28,1.100625,0,,,
213.36,1.09584,0,,,
213.44,1.129337,0,,,
213.52,1.119767,0,,,
213.6,1.138908,0,,,
213.68,1.110196,0,,,
213.76,1.09584,0,,,
213.84,1.09584,0,,,
213.92,1.067128,0,,,
214,1.114981,0,,,
214.08,1.134123,0,,,
214.16,1.16762,0,,,
214.24,1.158049,0,,,
214.32,1.134123,0,,,
214.4,1.158049,0,,,
214.48,1.138908,0,,,
214.56,1.129337,0,,,
214.64,1.162835,0,,,
214.72,1.172405,0,,,
214.8,1.177191,0,,,
214.88,1.177191,0,,,
214.96,1.201117,0,,,
215.04,1.100625,0,,,
215.12,1.009704,0,,,
215.2,1.138908,0,,,
215.28,1.373389,0,,,
215.36,1.435598,0,,,
215.44,1.253756,0,,,
215.52,1.196332,0,,,
215.6,1.215473,0,,,
215.68,1.153264,0,,,
215.76,1.201117,0,,,
215.84,1.220259,0,,,
215.92,1.177191,0,,,
216,1.191547,0,,,
216.08,1.177191,0,,,
216.16,1.177191,0,,,
216.24,1.191547,0,,,
216.32,1.177191,0,,,
216.4,1.205903,0,,,
216.48,1.229829,0,,,
216.56,1.234615,0,,,
216.64,1.215473,0,,,
216.72,1.153264,0,,,
216.8,1.177191,0,,,
216.88,1.177191,0,,,
216.96,1.215473,0,,,
217.04,1.220259,0,,,
217.12,1.225044,0,,,
217.2,1.248971,0,,,
217.28,1.234615,0,,,
217.36,1.201117,0,,,
217.44,1.201117,0,,,
217.52,1.2394,0,,,
217.6,1.220259,0,,,
217.68,1.186761,0,,,
217.76,1.225044,0,,,
217.84,1.215473,0,,,
217.92,1.196332,0,,,
218,1.205903,0,,,
218.08,1.220259,0,,,
218.16,1.201117,0,,,
218.24,1.186761,0,,,
218.32,1.229829,0,,,
218.4,1.2394,0,,,
218.48,1.210688,0,,,
218.56,0.827862,0,,,
218.64,0.813506,0,,,
218.72,1.325536,0,,,
218.8,1.330321,0,,,
218.88,1.330321,0,,,
218.96,1.220259,0,,,
219.04,1.2394,0,,,
219.12,1.229829,0,,,
219.2,1.282468,0,,,
219.28,1.32075,0,,,
219.36,1.181976,0,,,
219.44,1.445169,0,,,
219.52,1.550446,0,,,
219.6,1.02406,0,,,
219.68,1.038416,0,,,
219.76,1.507378,0,,,
219.84,1.650938,0,,,
219.92,1.512164,0,,,
220,1.402101,0,,,
220.08,1.430813,0,,,
220.16,1.488237,0,,,
220.24,1.440384,0,,,
220.32,1.430813,0,,,
220.4,1.426028,0,,,
220.48,1.430813,0,,,
220.56,1.449954,0,,,
220.64,1.46431,0,,,
220.72,1.440384,0,,,
220.8,1.435598,0,,,
220.88,1.435598,0,,,
220.96,1.449954,0,,,
221.04,1.440384,0,,,
221.12,1.440384,0,,,
221.2,1.430813,0,,,
221.28,1.459525,0,,,
221.36,1.46431,0,,,
221.44,1.426028,0,,,
221.52,1.45474,0,,,
221.6,1.459525,0,,,
221.68,1.449954,0,,,
221.76,1.445169,0,,,
221.84,1.445169,0,,,
221.92,1.473881,0,,,
222,1.459525,0,,,
222.08,1.445169,0,,,
222.16,1.430813,0,,,
222.24,1.435598,0,,,
222.32,1.459525,0,,,
222.4,1.440384,0,,,
222.48,1.435598,0,,,
222.56,1.430813,0,,,
222.64,1.440384,0,,,
222.72,1.469096,0,,,
222.8,1.416457,0,,,
222.88,1.416457,0,,,
222.96,1.416457,0,,,
223.04,1.445169,0,,,
223.12,1.449954,0,,,
223.2,1.445169,0,,,
223.28,1.445169,0,,,
223.36,1.445169,0,,,
223.44,1.435598,0,,,
223.52,1.478666,0,,,
223.6,1.469096,0,,,
223.68,1.45474,0,,,
223.76,1.45474,0,,,
223.84,1.45474,0,,,
223.92,1.469096,0,,,
224,1.449954,0,,,
224.08,1.430813,0,,,
224.16,1.440384,0,,,
224.24,1.421242,0,,,
224.32,1.416457,0,,,
224.4,1.483452,0,,,
224.48,1.459525,0,,,
224.56,1.426028,0,,,
224.64,1.440384,0,,,
224.72,1.426028,0,,,
224.8,1.449954,0,,,
224.88,1.449954,0,,,
224.96,1.430813,0,,,
225.04,1.459525,0,,,
225.12,1.478666,0,,,
225.2,1.435598,0,,,
225.28,1.411672,0,,,
225.36,1.421242,0,,,
225.44,1.430813,0,,,
225.52,1.430813,0,,,
225.6,1.440384,0,,,
225.68,1.445169,0,,,
225.76,1.46431,0,,,
225.84,1.449954,0,,,
225.92,1.445169,0,,,
226,1.430813,0,,,
226.08,1.411672,0,,,
226.16,1.426028,0,,,
226.24,1.430813,0,,,
226.32,1.435598,0,,,
226.4,1.445169,0,,,
226.48,1.445169,0,,,
226.56,1.430813,0,,,
226.64,1.45474,0,,,
226.72,1.459525,0,,,
226.8,1.459525,0,,,
226.88,1.459525,0,,,
226.96,1.459525,0,,,
227.04,1.45474,0,,,
227.12,1.45474,0,,,
227.2,1.478666,0,,,
227.28,1.430813,0,,,
227.36,1.296824,0,,,
227.44,1.186761,0,,,
227.52,1.071913,0,,,
227.6,1.162835,0,,,
227.68,1.574373,0,,,
227.76,1.82321,0,,,
227.84,1.574373,0,,,
227.92,1.148479,0,,,
228,0.966636,0,,,
228.08,1.229829,0,,,
228.16,0.157916,0,,,
228.24,-1.172405,0,,,
228.32,-1.057557,0,,,
228.4,-1.172405,0,,,
228.48,-1.076699,0,,,
228.56,0.014356,0,,,
228.64,-1.143693,0,,,
228.72,-0.794364,0,,,
228.8,2.072047,0,,,
228.88,2.072047,0,,,
228.96,3.053039,0,,,
229.04,5.019809,0,,,
229.12,4.407287,0,,,
229.2,1.387745,0,,,
229.28,2.751563,0,,,
229.36,3.488504,0,,,
229.44,1.550446,0,,,
229.52,2.239533,0,,,
229.6,4.622627,0,,,
229.68,6.268779,0,,,
229.76,5.144228,0,,,
229.84,5.82853,0,,,
229.92,6.039084,0,,,
230,4.072314,0,,,
230.08,3.148746,0,,,
230.16,1.583943,0,,,
230.24,2.942977,0,,,
230.32,4.976741,0,,,
230.4,5.369138,0,,,
230.48,5.096375,0,,,
230.56,5.000668,0,,,
230.64,7.498609,0,,,
230.72,8.489172,0,,,
230.8,5.90988,0,,,
230.88,5.90988,0,,,
230.96,4.072314,0,,,
231.04,4.220659,0,,,
231.12,5.259075,0,,,
231.2,5.512698,0,,,
231.28,3.995749,0,,,
231.36,1.694006,0,,,
231.44,1.765786,0,,,
231.52,2.56015,0,,,
231.6,3.603352,0,,,
231.68,4.914532,0,,,
231.76,5.531839,0,,,
231.84,10.494225,0,,,
231.92,11.6762,0,,,
232,5.704111,0,,,
232.08,3.522001,0,,,
232.16,5.565336,0,,,
232.24,5.364352,0,,,
232.32,2.880768,0,,,
232.4,1.449954,0,,,
232.48,1.258541,0,,,
232.56,1.445169,0,,,
232.64,2.210822,0,,,
232.72,4.115382,0,,,
232.8,8.795433,0,,,
232.88,8.795433,0,,,
232.96,11.872398,0,,,
233.04,7.891006,0,,,
233.12,4.938458,0,,,
233.2,6.661177,0,,,
233.28,6.039084,0,,,
233.36,3.13439,0,,,
233.44,0.8805,0,,,
233.52,-0.081351,0,,,
233.6,0.971422,0,,,
233.68,2.765919,0,,,
233.76,4.971956,0,,,
233.84,11.049322,0,,,
233.92,14.360769,0,,,
234,8.895925,0,,,
234.08,4.325936,0,,,
234.16,4.421643,0,,,
234.24,4.703978,0,,,
234.32,3.053039,0,,,
234.4,0.105277,0,,,
234.48,0.186628,0,,,
234.56,2.785061,0,,,
234.64,4.713548,0,,,
234.72,6.742527,0,,,
234.8,8.8385,0,,,
234.88,8.8385,0,,,
234.96,10.599502,20,,,
235.04,7.608671,20,,,
235.12,3.780409,20,,,
235.2,6.450622,20,,,
235.28,6.70903,20,,,
235.36,3.201384,20,,,
235.44,2.258675,20,,,
235.52,2.84727,20,,,
235.6,3.507645,20,,,
235.68,3.28752,20,,,
235.76,3.297091,20,,,
235.84,4.914532,20,,,
235.92,7.594315,20,,,
236,9.833848,20,,,
236.08,8.991631,20,,,
236.16,5.292572,20,,,
236.24,4.316366,20,,,
236.32,6.130005,20,,,
236.4,5.972089,20,,,
236.48,3.364085,20,,,
236.56,1.674865,20,,,
236.64,2.804202,20,,,
236.72,4.235015,20,,,
236.8,3.426295,20,,,
236.88,3.426295,20,,,
236.96,3.033898,20,,,
237.04,4.565203,20,,,
237.12,7.919717,20,,,
237.2,10.527721,20,,,
237.28,9.11605,20,,,
237.36,5.388279,20,,,
237.44,4.818825,20,,,
237.52,6.522402,20,,,
237.6,5.349997,20,,,
237.68,3.163102,20,,,
237.76,1.871063,20,,,
237.84,2.450088,20,,,
237.92,3.636849,20,,,
238,3.464577,20,,,
238.08,3.703844,20,,,
238.16,5.18251,20,,,
238.24,7.862294,20,,,
238.32,10.082686,20,,,
238.4,8.264261,20,,,
238.48,5.55098,20,,,
238.56,5.168154,20,,,
238.64,5.8381,20,,,
238.72,5.316499,20,,,
238.8,3.694273,20,,,
238.88,3.694273,20,,,
238.96,2.8377,20,,,
239.04,3.306662,20,,,
239.12,4.144094,20,,,
239.2,4.019675,20,,,
239.28,3.952681,20,,,
239.36,5.000668,20,,,
239.44,7.378976,20,,,
239.52,9.704645,20,,,
239.6,9.541944,20,,,
239.68,6.383627,20,,,
239.76,3.981393,20,,,
239.84,4.828396,20,,,
239.92,5.924236,20,,,
240,4.995883,20,,,
240.08,3.464577,20,,,
240.16,2.698925,20,,,
240.24,3.225311,20,,,
240.32,4.072314,20,,,
240.4,3.923969,20,,,
240.48,4.278083,20,,,
240.56,5.273431,20,,,
240.64,7.556033,20,,,
240.72,9.546729,20,,,
240.8,8.359967,20,,,
240.88,8.359967,20,,,
240.96,5.498342,20,,,
241.04,4.168021,20,,,
241.12,5.134657,20,,,
241.2,5.536624,20,,,
241.28,4.565203,20,,,
241.36,3.158316,20,,,
241.44,2.40702,20,,,
241.52,3.43108,20,,,
241.6,4.258942,20,,,
241.68,3.737341,20,,,
241.76,4.297225,20,,,
241.84,6.130005,20,,,
241.92,8.943778,20,,,
242,10.05876,20,,,
242.08,7.972356,20,,,
242.16,4.349863,20,,,
242.24,4.388146,20,,,
242.32,7.010505,20,,,
242.4,5.857241,20,,,
242.48,3.258808,20,,,
242.56,1.928487,20,,,
242.64,3.488504,20,,,
242.72,4.723119,20,,,
242.8,3.780409,20,,,
242.88,3.780409,20,,,
242.96,3.847404,20,,,
243.04,4.780542,20,,,
243.12,6.776024,20,,,
243.2,9.733356,20,,,
243.28,10.326737,20,,,
243.36,7.599101,20,,,
243.44,4.684836,20,,,
243.52,4.689621,20,,,
243.6,5.747179,20,,,
243.68,4.52692,20,,,
243.76,2.732422,20,,,
243.84,3.029113,20,,,
243.92,4.44557,20,,,
244,3.919184,20,,,
244.08,3.612923,20,,,
244.16,4.23023,20,,,
244.24,4.780542,20,,,
244.32,7.843153,20,,,
244.4,10.345879,20,,,
244.48,8.45089,20,,,
244.56,4.986311,20,,,
244.64,3.655991,20,,,
244.72,5.952948,20,,,
244.8,6.551114,20,,,
244.88,6.551114,20,,,
244.96,3.895257,20,,,
245.04,2.4788,20,,,
245.12,3.34973,20,,,
245.2,4.641768,20,,,
245.28,4.024461,20,,,
245.36,3.50286,20,,,
245.44,4.067529,20,,,
245.52,5.349997,20,,,
245.6,8.685369,20,,,
245.68,10.116183,20,,,
245.76,7.048788,20,,,
245.84,4.335507,20,,,
245.92,5.421777,20,,,
246,6.972223,20,,,
246.08,5.407421,20,,,
246.16,3.009971,20,,,
246.24,2.966903,20,,,
246.32,4.325936,20,,,
246.4,3.7182,20,,,
246.48,2.588862,20,,,
246.56,3.555499,20,,,
246.64,5.125086,20,,,
246.72,8.474815,20,,,
246.8,10.537292,20,,,
246.88,10.537292,20,,,
246.96,7.809655,50,,,
247.04,5.024594,50,,,
247.12,4.407287,50,,,
247.2,5.388279,50,,,
247.28,5.062877,50,,,
247.36,4.364219,50,,,
247.44,3.569855,50,,,
247.52,2.378308,50,,,
247.6,3.210955,50,,,
247.68,3.809121,50,,,
247.76,3.794765,50,,,
247.84,4.579559,50,,,
247.92,7.359835,50,,,
248,9.867346,50,,,
248.08,8.455674,50,,,
248.16,5.579692,50,,,
248.24,4.38336,50,,,
248.32,5.426562,50,,,
248.4,6.082151,50,,,
248.48,4.569988,50,,,
248.56,2.765919,50,,,
248.64,2.804202,50,,,
248.72,4.459926,50,,,
248.8,3.938325,50,,,
248.88,3.938325,50,,,
248.96,3.057824,50,,,
249.04,4.034031,50,,,
249.12,5.780676,50,,,
249.2,8.680585,50,,,
249.28,9.953482,50,,,
249.36,8.240335,50,,,
249.44,4.857108,50,,,
249.52,4.306795,50,,,
249.6,5.881168,50,,,
249.68,5.637116,50,,,
249.76,4.512564,50,,,
249.84,3.057824,50,,,
249.92,2.995615,50,,,
250,3.885686,50,,,
250.08,3.531572,50,,,
250.16,3.545928,50,,,
250.24,4.857108,50,,,
250.32,6.479334,50,,,
250.4,8.934207,50,,,
250.48,10.317166,50,,,
250.56,8.537025,50,,,
250.64,4.502994,50,,,
250.72,4.120167,50,,,
250.8,6.785595,50,,,
250.88,6.785595,50,,,
250.96,5.8381,50,,,
251.04,2.91905,50,,,
251.12,1.674865,50,,,
251.2,3.158316,50,,,
251.28,4.426428,50,,,
251.36,3.890471,50,,,
251.44,4.435999,50,,,
251.52,6.345345,50,,,
251.6,8.785862,50,,,
251.68,9.905628,50,,,
251.76,8.915066,50,,,
251.84,5.503127,50,,,
251.92,4.574774,50,,,
252,6.043869,50,,,
252.08,4.565203,50,,,
252.16,2.526653,50,,,
252.24,2.603218,50,,,
252.32,4.124953,50,,,
252.4,4.330722,50,,,
252.48,3.770838,50,,,
252.56,4.235015,50,,,
252.64,5.665828,50,,,
252.72,9.809922,50,,,
252.8,11.01104,50,,,
252.88,11.01104,50,,,
252.96,7.063144,50,,,
253.04,4.469496,50,,,
253.12,5.201652,50,,,
253.2,6.249638,50,,,
253.28,4.479067,50,,,
253.36,2.493156,50,,,
253.44,3.019542,50,,,
253.52,4.665695,50,,,
253.6,3.78998,50,,,
253.68,3.397583,50,,,
253.76,4.096241,50,,,
253.84,4.842752,50,,,
253.92,8.474815,50,,,
254,11.17374,50,,,
254.08,8.431748,50,,,
254.16,4.881034,50,,,
254.24,4.23023,50,,,
254.32,5.546195,50,,,
254.4,5.555766,50,,,
254.48,3.880901,50,,,
254.56,3.096107,50,,,
254.64,2.708495,50,,,
254.72,2.904694,50,,,
254.8,3.522001,50,,,
254.88,3.522001,50,,,
254.96,3.986178,50,,,
255.04,5.507913,50,,,
255.12,9.087337,50,,,
255.2,10.379376,50,,,
255.28,8.426962,50,,,
255.36,5.723252,50,,,
255.44,4.053173,50,,,
255.52,5.728038,50,,,
255.6,5.833315,50,,,
255.68,3.335374,50,,,
255.76,2.167754,50,,,
255.84,3.28752,50,,,
255.92,4.378575,50,,,
256,3.809121,50,,,
256.08,3.440651,50,,,
256.16,4.407287,50,,,
256.24,7.201918,50,,,
256.32,9.982194,50,,,
256.4,9.1974,50,,,
256.48,5.699326,50,,,
256.56,4.2398,50,,,
256.64,5.369138,50,,,
256.72,5.680184,50,,,
256.8,4.081885,50,,,
256.88,4.081885,50,,,
256.96,2.536224,50,,,
257.04,3.048254,50,,,
257.12,4.072314,50,,,
257.2,3.72777,50,,,
257.28,3.531572,50,,,
257.36,4.431214,50,,,
257.44,5.799818,50,,,
257.52,8.757151,50,,,
257.6,10.470298,50,,,
257.68,7.867079,50,,,
257.76,4.837966,50,,,
257.84,4.684836,50,,,
257.92,6.330989,50,,,
258,5.905095,50,,,
258.08,4.378575,50,,,
258.16,3.024327,50,,,
258.24,3.86176,50,,,
258.32,5.043736,50,,,
258.4,3.397583,50,,,
258.48,3.344944,50,,,
258.56,4.737474,50,,,
258.64,5.680184,50,,,
258.72,9.245254,50,,,
258.8,11.542211,50,,,
258.88,11.542211,50,,,
258.96,6.732956,50,,,
259.04,3.933539,50,,,
259.12,4.881034,50,,,
259.2,5.503127,50,,,
259.28,5.967304,50,,,
259.36,4.15845,50,,,
259.44,2.77549,50,,,
259.52,3.478933,50,,,
259.6,4.120167,50,,,
259.68,3.856974,50,,,
259.76,3.904828,50,,,
259.84,4.675265,50,,,
259.92,6.307062,50,,,
260,9.250039,50,,,
260.08,9.77164,50,,,
260.16,6.665962,50,,,
260.24,4.435999,50,,,
260.32,5.464844,50,,,
260.4,6.273565,50,,,
260.48,4.244586,50,,,
260.56,2.383093,50,,,
260.64,2.880768,50,,,
260.72,4.469496,50,,,
260.8,4.187162,50,,,
260.88,4.187162,50,,,
260.96,3.416724,50,,,
261.04,3.694273,50,,,
261.12,5.211222,50,,,
261.2,9.034699,50,,,
261.28,10.781343,50,,,
261.36,7.608671,50,,,
261.44,4.124953,50,,,
261.52,5.077233,50,,,
261.6,5.330855,50,,,
261.68,5.244719,50,,,
261.76,4.890605,50,,,
261.84,3.388012,50,,,
261.92,4.369005,50,,,
262,5.259075,50,,,
262.08,5.603619,50,,,
262.16,7.388546,50,,,
262.24,9.446238,50,,,
262.32,8.307329,50,,,
262.4,6.316633,50,,,
262.48,5.723252,50,,,
262.56,5.929021,50,,,
262.64,6.589396,50,,,
262.72,6.694674,50,,,
262.8,6.086937,50,,,
262.88,6.086937,50,,,
262.96,6.340559,50,,,
263.04,6.474549,50,,,
263.12,6.110864,50,,,
263.2,5.99123,50,,,
263.28,5.943377,50,,,
263.36,6.192214,50,,,
263.44,6.254424,50,,,
263.52,6.086937,50,,,
263.6,6.067796,50,,,
263.68,6.015157,50,,,
263.76,6.072581,50,,,
263.84,6.101293,50,,,
263.92,6.173073,50,,,
264,6.177858,50,,,
264.08,6.13479,50,,,
264.16,6.230497,50,,,
264.24,6.206571,50,,,
264.32,6.110864,50,,,
264.4,6.206571,50,,,
264.48,6.235282,50,,,
264.56,6.230497,50,,,
264.64,6.263994,50,,,
264.72,6.158717,50,,,
264.8,6.110864,50,,,
264.88,6.110864,50,,,
264.96,6.35013,50,,,
265.04,6.27835,50,,,
265.12,6.240068,50,,,
265.2,6.354916,50,,,
265.28,6.326204,50,,,
265.36,6.287921,50,,,
265.44,6.287921,50,,,
265.52,6.302277,50,,,
265.6,6.273565,50,,,
265.68,6.311848,50,,,
265.76,6.335774,50,,,
265.84,6.354916,50,,,
265.92,6.321418,50,,,
266,6.35013,50,,,
266.08,6.335774,50,,,
266.16,6.393198,50,,,
266.24,6.359701,50,,,
266.32,6.345345,50,,,
266.4,6.321418,50,,,
266.48,6.35013,50,,,
266.56,6.354916,50,,,
266.64,6.402769,50,,,
266.72,6.374057,50,,,
266.8,6.345345,50,,,
266.88,6.345345,50,,,
266.96,6.340559,50,,,
267.04,6.354916,50,,,
267.12,6.388412,50,,,
267.2,6.330989,50,,,
267.28,6.340559,50,,,
267.36,6.359701,50,,,
267.44,6.450622,50,,,
267.52,6.335774,50,,,
267.6,6.378842,50,,,
267.68,6.393198,50,,,
267.76,6.374057,50,,,
267.84,6.354916,50,,,
267.92,6.359701,50,,,
268,6.441051,50,,,
268.08,6.340559,50,,,
268.16,6.374057,50,,,
268.24,6.383627,50,,,
268.32,6.388412,50,,,
268.4,6.364486,50,,,
268.48,6.364486,50,,,
268.56,6.369271,50,,,
268.64,6.302277,50,,,
268.72,6.354916,50,,,
268.8,6.402769,50,,,
268.88,6.402769,50,,,
268.96,6.383627,50,,,
269.04,6.378842,50,,,
269.12,6.407554,50,,,
269.2,6.397984,50,,,
269.28,6.407554,50,,,
269.36,6.407554,50,,,
269.44,6.397984,50,,,
269.52,6.378842,50,,,
269.6,6.359701,50,,,
269.68,6.388412,50,,,
269.76,6.374057,50,,,
269.84,6.378842,50,,,
269.92,6.417125,50,,,
270,6.364486,50,,,
270.08,6.364486,50,,,
270.16,6.397984,50,,,
270.24,6.374057,50,,,
270.32,6.393198,50,,,
270.4,6.397984,50,,,
270.48,6.41234,50,,,
270.56,6.354916,50,,,
270.64,6.42191,50,,,
270.72,6.388412,50,,,
270.8,6.41234,50,,,
270.88,6.41234,50,,,
270.96,6.436266,15,,,
271.04,6.374057,15,,,
271.12,6.426695,15,,,
271.2,6.407554,15,,,
271.28,6.397984,15,,,
271.36,6.340559,15,,,
271.44,6.374057,15,,,
271.52,6.397984,15,,,
271.6,6.388412,15,,,
271.68,6.417125,15,,,
271.76,6.393198,15,,,
271.84,6.393198,15,,,
271.92,6.431481,15,,,
272,6.41234,15,,,
272.08,6.402769,15,,,
272.16,6.407554,15,,,
272.24,6.441051,15,,,
272.32,6.402769,15,,,
272.4,6.378842,15,,,
272.48,6.455407,15,,,
272.56,6.407554,15,,,
272.64,6.407554,15,,,
272.72,6.41234,15,,,
272.8,6.450622,15,,,
272.88,6.450622,15,,,
272.96,6.474549,15,,,
273.04,6.42191,15,,,
273.12,6.393198,15,,,
273.2,6.42191,15,,,
273.28,6.464978,15,,,
273.36,6.397984,15,,,
273.44,6.417125,15,,,
273.52,6.417125,15,,,
273.6,6.417125,15,,,
273.68,6.426695,15,,,
273.76,6.397984,15,,,
273.84,6.402769,15,,,
273.92,6.417125,15,,,
274,6.450622,15,,,
274.08,6.417125,15,,,
274.16,6.417125,15,,,
274.24,6.445837,15,,,
274.32,6.436266,15,,,
274.4,6.417125,15,,,
274.48,6.41234,15,,,
274.56,6.378842,15,,,
274.64,6.388412,15,,,
274.72,6.441051,15,,,
274.8,6.426695,15,,,
274.88,6.426695,15,,,
274.96,6.441051,15,,,
275.04,6.445837,15,,,
275.12,6.455407,15,,,
275.2,6.388412,15,,,
275.28,6.402769,15,,,
275.36,6.479334,15,,,
275.44,6.378842,15,,,
275.52,6.393198,15,,,
275.6,6.42191,15,,,
275.68,6.464978,15,,,
275.76,6.479334,15,,,
275.84,6.41234,15,,,
275.92,6.407554,15,,,
276,6.378842,15,,,
276.08,6.388412,15,,,
276.16,6.402769,15,,,
276.24,6.431481,15,,,
276.32,6.436266,15,,,
276.4,6.407554,15,,,
276.48,6.397984,15,,,
276.56,6.436266,15,,,
276.64,6.397984,15,,,
276.72,6.417125,15,,,
276.8,6.431481,15,,,
276.88,6.431481,15,,,
276.96,6.402769,15,,,
277.04,6.426695,15,,,
277.12,6.450622,15,,,
277.2,6.455407,15,,,
277.28,6.397984,15,,,
277.36,6.431481,15,,,
277.44,6.450622,15,,,
277.52,6.450622,15,,,
277.6,6.426695,15,,,
277.68,6.402769,15,,,
277.76,6.41234,15,,,
277.84,6.393198,15,,,
277.92,6.383627,15,,,
278,6.41234,15,,,
278.08,6.417125,15,,,
278.16,6.441051,15,,,
278.24,6.41234,15,,,
278.32,6.402769,15,,,
278.4,6.42191,15,,,
278.48,6.474549,15,,,
278.56,6.42191,15,,,
278.64,6.402769,15,,,
278.72,6.441051,15,,,
278.8,6.383627,15,,,
278.88,6.383627,15,,,
278.96,6.426695,15,,,
279.04,6.397984,15,,,
279.12,6.431481,15,,,
279.2,6.42191,15,,,
279.28,6.407554,15,,,
279.36,6.431481,15,,,
279.44,6.417125,15,,,
279.52,6.41234,15,,,
279.6,6.41234,15,,,
279.68,6.388412,15,,,
279.76,6.393198,15,,,
279.84,6.436266,15,,,
279.92,6.41234,15,,,
280,6.441051,15,,,
280.08,6.441051,15,,,
280.16,6.41234,15,,,
280.24,6.426695,15,,,
280.32,6.407554,15,,,
280.4,6.402769,15,,,
280.48,6.445837,15,,,
280.56,6.431481,15,,,
280.64,6.407554,15,,,
280.72,6.42191,15,,,
280.8,6.402769,15,,,
280.88,6.402769,15,,,
280.96,6.426695,15,,,
281.04,6.464978,15,,,
281.12,6.460193,15,,,
281.2,6.455407,15,,,
281.28,6.441051,15,,,
281.36,6.426695,15,,,
281.44,6.383627,15,,,
281.52,6.402769,15,,,
281.6,6.436266,15,,,
281.68,6.41234,15,,,
281.76,6.41234,15,,,
281.84,6.397984,15,,,
281.92,6.441051,15,,,
282,6.441051,15,,,
282.08,6.42191,15,,,
282.16,6.41234,15,,,
282.24,6.41234,15,,,
282.32,6.469763,15,,,
282.4,6.436266,15,,,
282.48,6.431481,15,,,
282.56,6.42191,15,,,
282.64,6.41234,15,,,
282.72,6.407554,15,,,
282.8,6.402769,15,,,
282.88,6.402769,15,,,
282.96,6.431481,0,,,
283.04,6.417125,0,,,
283.12,6.402769,0,,,
283.2,6.402769,0,,,
283.28,6.436266,0,,,
283.36,6.436266,0,,,
283.44,6.388412,0,,,
283.52,6.378842,0,,,
283.6,6.42191,0,,,
283.68,6.426695,0,,,
283.76,6.450622,0,,,
283.84,6.431481,0,,,
283.92,6.426695,0,,,
284,6.474549,0,,,
284.08,6.441051,0,,,
284.16,6.455407,0,,,
284.24,6.397984,0,,,
284.32,6.397984,0,,,
284.4,6.426695,0,,,
284.48,6.397984,0,,,
284.56,6.42191,0,,,
284.64,6.397984,0,,,
284.72,6.460193,0,,,
284.8,6.498476,0,,,
284.88,6.498476,0,,,
284.96,6.441051,0,,,
285.04,6.393198,0,,,
285.12,6.42191,0,,,
285.2,6.474549,0,,,
285.28,6.441051,0,,,
285.36,6.431481,0,,,
285.44,6.402769,0,,,
285.52,6.397984,0,,,
285.6,6.436266,0,,,
285.68,6.374057,0,,,
285.76,6.445837,0,,,
285.84,6.551114,0,,,
285.92,6.431481,0,,,
286,6.383627,0,,,
286.08,6.56547,0,,,
286.16,6.56547,0,,,
286.24,6.316633,0,,,
286.32,6.326204,0,,,
286.4,6.441051,0,,,
286.48,6.474549,0,,,
286.56,6.560685,0,,,
286.64,6.570255,0,,,
286.72,6.527187,0,,,
286.8,6.464978,0,,,
286.88,6.464978,0,,,
286.96,6.450622,0,,,
287.04,6.498476,0,,,
287.12,6.608538,0,,,
287.2,6.579826,0,,,
287.28,6.340559,0,,,
287.36,6.474549,0,,,
287.44,6.632464,0,,,
287.52,6.474549,0,,,
287.6,6.464978,0,,,
287.68,6.512831,0,,,
287.76,6.484119,0,,,
287.84,6.531973,0,,,
287.92,6.531973,0,,,
288,6.441051,0,,,
288.08,6.450622,0,,,
288.16,6.474549,0,,,
288.24,6.541543,0,,,
288.32,6.560685,0,,,
288.4,6.484119,0,,,
288.48,6.474549,0,,,
288.56,6.522402,0,,,
288.64,6.546329,0,,,
288.72,6.541543,0,,,
288.8,6.546329,0,,,
288.88,6.546329,0,,,
288.96,6.517617,0,,,
289.04,6.42191,0,,,
289.12,6.508046,0,,,
289.2,6.546329,0,,,
289.28,6.508046,0,,,
289.36,6.57504,0,,,
289.44,6.445837,0,,,
289.52,6.455407,0,,,
289.6,6.479334,0,,,
289.68,6.417125,0,,,
289.76,6.531973,0,,,
289.84,6.508046,0,,,
289.92,6.441051,0,,,
290,6.479334,0,,,
290.08,6.42191,0,,,
290.16,6.450622,0,,,
290.24,6.469763,0,,,
290.32,6.41234,0,,,
290.4,6.450622,0,,,
290.48,6.479334,0,,,
290.56,6.474549,0,,,
290.64,6.488904,0,,,
290.72,6.460193,0,,,
290.8,6.445837,0,,,
290.88,6.445837,0,,,
290.96,6.441051,0,,,
291.04,6.488904,0,,,
291.12,6.503261,0,,,
291.2,6.455407,0,,,
291.28,6.522402,0,,,
291.36,6.49369,0,,,
291.44,6.508046,0,,,
291.52,6.508046,0,,,
291.6,6.445837,0,,,
291.68,6.474549,0,,,
291.76,6.464978,0,,,
291.84,6.441051,0,,,
291.92,6.436266,0,,,
292,6.450622,0,,,
292.08,6.441051,0,,,
292.16,6.417125,0,,,
292.24,6.464978,0,,,
292.32,6.49369,0,,,
292.4,6.393198,0,,,
292.48,6.455407,0,,,
292.56,6.517617,0,,,
292.64,6.426695,0,,,
292.72,6.522402,0,,,
292.8,6.488904,0,,,
292.88,6.488904,0,,,
292.96,6.383627,0,,,
293.04,6.41234,0,,,
293.12,6.469763,0,,,
293.2,6.474549,0,,,
293.28,6.426695,0,,,
293.36,6.450622,0,,,
293.44,6.441051,0,,,
293.52,6.460193,0,,,
293.6,6.455407,0,,,
293.68,6.41234,0,,,
293.76,6.441051,0,,,
293.84,6.455407,0,,,
293.92,6.469763,0,,,
294,6.450622,0,,,
294.08,6.417125,0,,,
294.16,6.445837,0,,,
294.24,6.479334,0,,,
294.32,6.450622,0,,,
294.4,6.41234,0,,,
294.48,6.436266,0,,,
294.56,6.340559,0,,,
294.64,6.402769,0,,,
294.72,6.541543,0,,,
294.8,6.397984,0,,,
294.88,6.397984,0,,,
294.96,6.335774,0,,,
295.04,6.431481,0,,,
295.12,6.426695,0,,,
295.2,6.531973,0,,,
295.28,6.618109,0,,,
295.36,6.393198,0,,,
295.44,6.345345,0,,,
295.52,6.445837,0,,,
295.6,6.49369,0,,,
295.68,6.603753,0,,,
295.76,6.464978,0,,,
295.84,6.244853,0,,,
295.92,6.244853,0,,,
296,6.330989,0,,,
296.08,6.393198,0,,,
296.16,6.268779,0,,,
296.24,6.139576,0,,,
296.32,6.082151,0,,,
296.4,6.182643,0,,,
296.48,6.12522,0,,,
296.56,5.574907,0,,,
296.64,5.364352,0,,,
296.72,5.680184,0,,,
296.8,5.603619,0,,,
296.88,5.603619,0,,,
296.96,5.464844,0,,,
297.04,5.297358,0,,,
297.12,5.196866,0,,,
297.2,5.302144,0,,,
297.28,5.048521,0,,,
297.36,4.943244,0,,,
297.44,4.646554,0,,,
297.52,4.072314,0,,,
297.6,4.636983,0,,,
297.68,4.833181,0,,,
297.76,4.766187,0,,,
297.84,4.761401,0,,,
297.92,4.2398,0,,,
298,4.311581,0,,,
298.08,4.081885,0,,,
298.16,4.254157,0,,,
298.24,4.120167,0,,,
298.32,4.330722,0,,,
298.4,4.550847,0,,,
298.48,4.555632,0,,,
